-- phpMyAdmin SQL Dump
-- version 5.2.1
-- https://www.phpmyadmin.net/
--
-- ホスト: 127.0.0.1
-- 生成日時: 2024-02-09 08:28:10
-- サーバのバージョン： 10.4.32-MariaDB
-- PHP のバージョン: 8.2.12

SET SQL_MODE = "NO_AUTO_VALUE_ON_ZERO";
START TRANSACTION;
SET time_zone = "+00:00";


/*!40101 SET @OLD_CHARACTER_SET_CLIENT=@@CHARACTER_SET_CLIENT */;
/*!40101 SET @OLD_CHARACTER_SET_RESULTS=@@CHARACTER_SET_RESULTS */;
/*!40101 SET @OLD_COLLATION_CONNECTION=@@COLLATION_CONNECTION */;
/*!40101 SET NAMES utf8mb4 */;

--
-- データベース: `konchan`
--

-- --------------------------------------------------------

--
-- テーブルの構造 `foodstuff`
--

CREATE TABLE `foodstuff` (
  `id` bigint(20) NOT NULL COMMENT 'id',
  `ingredient_name` varchar(256) NOT NULL COMMENT '食材名',
  `ingredient_category_id` bigint(20) NOT NULL COMMENT '食材カテゴリID',
  `create_date` datetime NOT NULL DEFAULT current_timestamp() COMMENT '作成日時',
  `update_date` datetime NOT NULL DEFAULT current_timestamp() ON UPDATE current_timestamp() COMMENT '更新日時',
  `delete_date` datetime DEFAULT NULL COMMENT '削除日時',
  `delete_flag` tinyint(1) NOT NULL DEFAULT 0 COMMENT '削除フラグ',
  `ingredient_image` blob NOT NULL COMMENT '食材画像'
) ENGINE=InnoDB DEFAULT CHARSET=utf8mb4 COLLATE=utf8mb4_general_ci COMMENT='食材';

--
-- テーブルのデータのダンプ `foodstuff`
--

INSERT INTO `foodstuff` (`id`, `ingredient_name`, `ingredient_category_id`, `create_date`, `update_date`, `delete_date`, `delete_flag`, `ingredient_image`) VALUES
(1, 'アスパラガス', 3, '2024-02-07 13:53:05', '2024-02-07 13:53:05', NULL, 0, 0x412e706e67),
(2, 'ベーコン', 1, '2024-02-07 13:53:05', '2024-02-07 13:53:05', NULL, 0, 0x422e706e67),
(3, '大根', 3, '2024-02-07 13:53:05', '2024-02-07 13:53:05', NULL, 0, 0x442e706e67),
(4, 'イカ', 2, '2024-02-07 13:53:05', '2024-02-07 13:53:05', NULL, 0, 0x494b412e706e67),
(5, '米', 4, '2024-01-16 10:50:20', '2024-01-16 10:50:20', NULL, 0, 0x4b4f4d452e706e67),
(6, 'ウインナー', 1, '2024-01-22 10:46:29', '2024-01-22 10:46:29', NULL, 0, 0x55494e4e45522e706e67),
(7, 'ハム', 1, '2024-01-22 10:46:29', '2024-01-22 10:46:29', NULL, 0, 0x48414d552e706e67),
(8, '牛肩肉', 1, '2024-01-22 10:46:29', '2024-01-22 10:46:29', NULL, 0, 0x475f4b4154412e706e67),
(9, '牛バラ肉', 1, '2024-01-22 10:46:29', '2024-01-22 10:46:29', NULL, 0, 0x475f424152412e706e67),
(10, '牛もも肉', 1, '2024-01-22 10:46:29', '2024-01-22 10:46:29', NULL, 0, 0x475f4d4f4d4f2e706e67),
(11, '牛ひき肉', 1, '2024-01-22 10:46:29', '2024-01-22 10:46:29', NULL, 0, 0x475f48494b492e706e67),
(12, '牛タン', 1, '2024-01-22 10:46:29', '2024-01-22 10:46:29', NULL, 0, 0x475f54414e2e706e67),
(13, '牛ホルモン', 1, '2024-01-22 10:46:29', '2024-01-22 10:46:29', NULL, 0, 0x475f484f52552e706e67),
(14, '牛レバー', 1, '2024-01-22 10:46:29', '2024-01-22 10:46:29', NULL, 0, 0x475f524542412e706e67),
(15, '牛豚合挽き肉', 1, '2024-01-23 12:09:54', '2024-01-23 12:09:54', NULL, 0, 0x47425f48494b492e706e67),
(16, '豚もも肉', 1, '2024-01-23 12:09:54', '2024-01-23 12:09:54', NULL, 0, 0x425f4d4f4d4f2e706e67),
(17, '豚バラ肉', 1, '2024-01-23 12:09:54', '2024-01-23 12:09:54', NULL, 0, 0x425f424152412e706e67),
(18, '豚ロース肉', 1, '2024-01-23 12:09:54', '2024-01-23 12:09:54', NULL, 0, 0x425f524f53452e706e67),
(19, '豚肩ロース肉', 1, '2024-01-23 12:09:54', '2024-01-23 12:09:54', NULL, 0, 0x425f4b415441522e706e67),
(20, '豚ヒレ肉', 1, '2024-01-23 12:09:54', '2024-01-23 12:09:54', NULL, 0, 0x425f484952452e706e67),
(21, '豚タン', 1, '2024-01-23 12:09:54', '2024-01-23 12:09:54', NULL, 0, 0x425f54414e2e706e67),
(22, '豚ひき肉', 1, '2024-01-23 12:09:54', '2024-01-23 12:09:54', NULL, 0, 0x425f48494b492e706e67),
(23, '鶏むね肉', 1, '2024-01-23 12:20:35', '2024-01-23 12:20:35', NULL, 0, 0x545f4d554e452e706e67),
(24, '鶏もも肉', 1, '2024-01-23 12:20:35', '2024-01-23 12:20:35', NULL, 0, 0x545f4d4f4d4f2e706e67),
(25, '鶏ささみ肉', 1, '2024-01-23 12:20:35', '2024-01-23 12:20:35', NULL, 0, 0x545f534153412e706e67),
(26, '鶏せせり肉', 1, '2024-01-23 12:20:35', '2024-01-23 12:20:35', NULL, 0, 0x545f534553452e706e67),
(27, '鶏ひき肉', 1, '2024-01-23 12:20:35', '2024-01-23 12:20:35', NULL, 0, 0x545f48494b492e706e67),
(28, '砂肝', 1, '2024-01-23 12:20:35', '2024-01-23 12:20:35', NULL, 0, 0x545f53554e41472e706e67),
(29, '手羽先', 1, '2024-01-23 12:20:35', '2024-01-23 12:20:35', NULL, 0, 0x545f53414b492e706e67),
(30, '手羽中', 1, '2024-01-23 12:20:35', '2024-01-23 12:20:35', NULL, 0, 0x545f4e414b412e706e67),
(31, '手羽元', 1, '2024-01-23 12:20:35', '2024-01-23 12:20:35', NULL, 0, 0x545f4d4f544f2e706e67),
(32, 'マグロ', 2, '2024-01-24 10:52:54', '2024-01-24 10:52:54', NULL, 0, 0x4d414755524f2e706e67),
(33, 'サケ', 2, '2024-01-24 10:52:54', '2024-01-24 10:52:54', NULL, 0, 0x5359414b452e706e67),
(34, 'タイ', 2, '2024-01-24 10:52:54', '2024-01-24 10:52:54', NULL, 0, 0x5441492e706e67),
(35, 'ブリ', 2, '2024-01-24 10:52:54', '2024-01-24 10:52:54', NULL, 0, 0x425552492e706e67),
(36, 'カツオ', 2, '2024-01-24 10:52:54', '2024-01-24 10:52:54', NULL, 0, 0x4b4154554f2e706e67),
(37, 'サンマ', 2, '2024-01-24 10:52:54', '2024-01-24 10:52:54', NULL, 0, 0x53414e4d412e706e67),
(38, 'サバ', 2, '2024-01-24 10:52:54', '2024-01-24 10:52:54', NULL, 0, 0x534142412e706e67),
(39, 'カレイ', 2, '2024-01-24 10:52:54', '2024-01-24 10:52:54', NULL, 0, 0x4b415245492e706e67),
(40, 'イワシ', 2, '2024-01-24 10:52:54', '2024-01-24 10:52:54', NULL, 0, 0x49574153492e706e67),
(41, 'アジ', 2, '2024-01-24 10:52:54', '2024-01-24 10:52:54', NULL, 0, 0x414a492e706e67),
(42, 'アユ', 2, '2024-01-24 10:52:54', '2024-01-24 10:52:54', NULL, 0, 0x4159552e706e67),
(43, 'ホッケ', 2, '2024-01-24 10:52:54', '2024-01-24 10:52:54', NULL, 0, 0x484f4b4b452e706e67),
(44, 'タラ', 2, '2024-01-24 10:52:54', '2024-01-24 10:52:54', NULL, 0, 0x544152412e706e67),
(45, 'サワラ', 2, '2024-01-24 10:52:54', '2024-01-24 10:52:54', NULL, 0, 0x5341574152412e706e67),
(46, 'ウナギ', 2, '2024-01-24 10:52:54', '2024-01-24 10:52:54', NULL, 0, 0x554e4147492e706e67),
(47, 'シラス', 2, '2024-01-24 10:52:54', '2024-01-24 10:52:54', NULL, 0, 0x5349524153552e706e67),
(49, 'エビ', 2, '2024-01-24 10:52:54', '2024-01-24 10:52:54', NULL, 0, 0x4542492e706e67),
(50, 'アサリ', 2, '2024-01-24 10:52:54', '2024-01-24 10:52:54', NULL, 0, 0x41534152492e706e67),
(51, 'シジミ', 2, '2024-01-24 10:52:54', '2024-01-24 10:52:54', NULL, 0, 0x53494a494d492e706e67),
(52, 'サザエ', 2, '2024-01-24 10:52:54', '2024-01-24 10:52:54', NULL, 0, 0x53415a41452e706e67),
(53, 'アワビ', 2, '2024-01-24 10:52:54', '2024-01-24 10:52:54', NULL, 0, 0x41574142492e706e67),
(54, '明太子', 2, '2024-01-24 10:52:54', '2024-01-24 10:52:54', NULL, 0, 0x4d454e5441492e706e67),
(55, 'イクラ', 2, '2024-01-24 10:52:54', '2024-01-24 10:52:54', NULL, 0, 0x494b5552412e706e67),
(56, 'ブロッコリー', 3, '2024-01-24 13:43:17', '2024-01-24 13:43:17', NULL, 0, 0x4255524f4b4b4f52492e706e67),
(57, 'コーン', 3, '2024-01-24 13:43:17', '2024-01-24 13:43:17', NULL, 0, 0x434f4f4e2e706e67),
(58, 'ゴーヤ', 3, '2024-01-24 13:43:17', '2024-01-24 13:43:17', NULL, 0, 0x474f4f59412e706e67),
(59, 'グリンピース', 3, '2024-01-24 13:43:17', '2024-01-24 13:43:17', NULL, 0, 0x475245454e504541532e706e67),
(60, 'ハクサイ', 3, '2024-01-24 13:43:17', '2024-01-24 13:43:17', NULL, 0, 0x48414b555341492e706e67),
(61, 'ほうれん草', 3, '2024-01-24 13:43:17', '2024-01-24 13:43:17', NULL, 0, 0x484f5552454e534f552e706e67),
(62, 'インゲン', 3, '2024-01-24 13:43:17', '2024-01-24 13:43:17', NULL, 0, 0x494e47454e2e706e67),
(63, '小松菜', 3, '2024-01-24 13:43:17', '2024-01-24 13:43:17', NULL, 0, 0x4b4f4d4154554e412e706e67),
(64, '青ネギ', 3, '2024-01-24 13:43:17', '2024-01-24 13:43:17', NULL, 0, 0x4b4f4e4547492e706e67),
(65, 'キャベツ', 3, '2024-01-24 13:43:17', '2024-01-24 13:43:17', NULL, 0, 0x4b5941424554552e706e67),
(66, 'トマト', 3, '2024-01-24 13:43:17', '2024-01-24 13:43:17', NULL, 0, 0x544f4d41544f2e706e67),
(67, 'ミニトマト', 3, '2024-01-24 13:43:17', '2024-01-24 13:43:17', NULL, 0, 0x4d494e49542e706e67),
(68, '水菜', 3, '2024-01-24 13:43:17', '2024-01-24 13:43:17', NULL, 0, 0x4d495a554e412e706e67),
(69, 'もやし', 3, '2024-01-24 13:43:17', '2024-01-24 13:43:17', NULL, 0, 0x4d4f594153492e706e67),
(70, 'ナス', 3, '2024-01-24 13:43:17', '2024-01-24 13:43:17', NULL, 0, 0x4e4153552e706e67),
(71, 'ニンジン', 3, '2024-01-24 13:43:17', '2024-01-24 13:43:17', NULL, 0, 0x4e494e4a494e2e706e67),
(73, 'ニンニクの芽', 3, '2024-01-24 13:43:17', '2024-01-24 13:43:17', NULL, 0, 0x4e494e4e494b554e4f4d452e706e67),
(74, 'ニラ', 3, '2024-01-24 13:43:17', '2024-01-24 13:43:17', NULL, 0, 0x4e4952412e706e67),
(75, 'オクラ', 3, '2024-01-24 13:43:17', '2024-01-24 13:43:17', NULL, 0, 0x4f4b5552412e706e67),
(76, 'パプリカ', 3, '2024-01-24 13:43:17', '2024-01-24 13:43:17', NULL, 0, 0x5041505552494b412e706e67),
(77, 'ピーマン', 3, '2024-01-24 13:43:17', '2024-01-24 13:43:17', NULL, 0, 0x5049494d414e2e706e67),
(78, 'レンコン', 3, '2024-01-24 13:43:17', '2024-01-24 13:43:17', NULL, 0, 0x52454e4b4f4e2e706e67),
(79, 'レタス', 3, '2024-01-24 13:43:17', '2024-01-24 13:43:17', NULL, 0, 0x5245544153552e706e67),
(80, 'サニーレタス', 3, '2024-01-24 13:43:17', '2024-01-24 13:43:17', NULL, 0, 0x53414e495245544153552e706e67),
(81, 'さやえんどう', 3, '2024-01-24 13:43:17', '2024-01-24 13:43:17', NULL, 0, 0x53415941454e444f552e706e67),
(82, 'セロリ', 3, '2024-01-24 13:43:17', '2024-01-24 13:43:17', NULL, 0, 0x5345524f52492e706e67),
(83, '春菊', 3, '2024-01-24 13:43:17', '2024-01-24 13:43:17', NULL, 0, 0x5348554e47494b552e706e67),
(85, 'しし唐', 3, '2024-01-24 13:43:17', '2024-01-24 13:43:17', NULL, 0, 0x53495349544f552e706e67),
(86, 'しそ', 3, '2024-01-24 13:43:17', '2024-01-24 13:43:17', NULL, 0, 0x5349534f2e706e67),
(87, 'そら豆', 3, '2024-01-24 13:43:17', '2024-01-24 13:43:17', NULL, 0, 0x534f52414d414d452e706e67),
(88, 'タケノコ', 3, '2024-01-24 13:43:17', '2024-01-24 13:43:17', NULL, 0, 0x54414b454e4f4b4f2e706e67),
(89, '玉ねぎ', 3, '2024-01-24 13:43:17', '2024-01-24 13:43:17', NULL, 0, 0x54414d414e4547492e706e67),
(90, 'チンゲン菜', 3, '2024-01-24 13:43:17', '2024-01-24 13:43:17', NULL, 0, 0x54494e47454e5341492e706e67),
(91, '冬瓜', 3, '2024-01-24 13:43:17', '2024-01-24 13:43:17', NULL, 0, 0x544f5547414e2e706e67),
(92, '豆苗', 3, '2024-01-24 13:43:17', '2024-01-24 13:43:17', NULL, 0, 0x544f554d594f552e706e67),
(93, 'ヤングコーン', 3, '2024-01-24 13:43:17', '2024-01-24 13:43:17', NULL, 0, 0x59434f4f4e2e706e67),
(94, 'ズッキーニ', 3, '2024-01-24 13:43:17', '2024-01-24 13:43:17', NULL, 0, 0x5a554b4b494e492e706e67),
(95, 'カブ', 3, '2024-01-24 13:43:17', '2024-01-24 13:43:17', NULL, 0, 0x4b4142552e706e67),
(96, 'かぼちゃ', 3, '2024-01-24 13:43:17', '2024-01-24 13:43:17', NULL, 0, 0x4b41424f4348412e706e67),
(97, 'きゅうり', 3, '2024-01-24 13:43:17', '2024-01-24 13:43:17', NULL, 0, 0x4b59555552492e706e67),
(98, 'エンドウ豆', 3, '2024-01-24 13:43:17', '2024-01-24 13:43:17', NULL, 0, 0x4544414d414d452e706e67),
(99, 'ニンニク', 3, '2024-01-24 13:50:34', '2024-01-24 13:50:34', NULL, 0, 0x4e494e4e494b552e706e67),
(100, '生姜', 3, '2024-01-24 13:55:48', '2024-01-24 13:55:48', NULL, 0, 0x53484f5547412e706e67),
(101, 'じゃがいも', 3, '2024-01-25 10:35:59', '2024-01-25 10:35:59', NULL, 0, 0x4a414741494d4f2e706e67),
(102, '里芋', 3, '2024-01-25 10:35:59', '2024-01-25 10:35:59', NULL, 0, 0x5341544f494d4f2e706e67),
(103, '長芋', 3, '2024-01-25 10:35:59', '2024-01-25 10:35:59', NULL, 0, 0x4e414741494d4f2e706e67),
(104, 'さつまいも', 3, '2024-01-25 10:35:59', '2024-01-25 10:35:59', NULL, 0, 0x534154554d41494d4f2e706e67),
(105, '食パン', 4, '2024-01-29 11:09:52', '2024-01-29 11:09:52', NULL, 0, 0x53594f4b5550414e2e706e67),
(106, 'ロールパン', 4, '2024-01-29 11:09:52', '2024-01-29 11:09:52', NULL, 0, 0x524f55525550414e2e706e67),
(107, 'フランスパン', 4, '2024-01-29 11:09:52', '2024-01-29 11:09:52', NULL, 0, 0x465552414e535550414e2e706e67),
(108, 'コッペパン', 4, '2024-01-29 11:09:52', '2024-01-29 11:09:52', NULL, 0, 0x4b4f504550414e2e706e67),
(109, 'ナン', 4, '2024-01-29 11:09:52', '2024-01-29 11:09:52', NULL, 0, 0x4e414e2e706e67),
(110, 'パスタ', 4, '2024-01-29 11:09:52', '2024-01-29 11:09:52', NULL, 0, 0x5041535554412e706e67),
(111, 'うどん', 4, '2024-01-29 11:09:52', '2024-01-29 11:09:52', NULL, 0, 0x55444f4e2e706e67),
(112, 'そば', 4, '2024-01-29 11:09:52', '2024-01-29 11:09:52', NULL, 0, 0x534f42412e706e67),
(113, 'そうめん', 4, '2024-01-29 11:09:52', '2024-01-29 11:09:52', NULL, 0, 0x534f554d454e2e706e67),
(114, '中華麵', 4, '2024-01-29 11:09:52', '2024-01-29 11:09:52', NULL, 0, 0x4348554b414d454e2e706e67),
(115, 'マカロニ', 4, '2024-01-29 11:09:52', '2024-01-29 11:09:52', NULL, 0, 0x4d414b41524f4e492e706e67),
(116, '餅', 4, '2024-01-29 11:09:52', '2024-01-29 11:09:52', NULL, 0, 0x4d4f54492e706e67),
(117, 'ライスペーパー', 4, '2024-01-29 11:09:52', '2024-01-29 11:09:52', NULL, 0, 0x5241495355504550412e706e67),
(118, '餃子の皮', 4, '2024-01-29 11:09:52', '2024-01-29 11:09:52', NULL, 0, 0x47594f555a412e706e67),
(119, 'こんにゃく', 4, '2024-01-29 11:09:52', '2024-01-29 11:09:52', NULL, 0, 0x4b4f4e4e59414b552e706e67),
(120, '豆腐', 4, '2024-01-29 11:09:52', '2024-01-29 11:09:52', NULL, 0, 0x544f5546552e706e67),
(121, '油揚げ', 4, '2024-01-29 11:09:52', '2024-01-29 11:09:52', NULL, 0, 0x41425552414147452e706e67),
(122, '厚揚げ', 4, '2024-01-29 11:09:52', '2024-01-29 11:09:52', NULL, 0, 0x4154554147452e706e67),
(123, 'わかめ', 4, '2024-01-29 11:09:52', '2024-01-29 11:09:52', NULL, 0, 0x57414b414d452e706e67),
(124, 'ひじき', 4, '2024-01-29 11:09:52', '2024-01-29 11:09:52', NULL, 0, 0x48494a494b492e706e67),
(125, '昆布', 4, '2024-01-29 11:09:52', '2024-01-29 11:09:52', NULL, 0, 0x4b4f4e42552e706e67),
(126, '椎茸', 4, '2024-01-29 11:09:52', '2024-01-29 11:09:52', NULL, 0, 0x53494954414b452e706e67),
(127, 'エノキ', 4, '2024-01-29 11:09:52', '2024-01-29 11:09:52', NULL, 0, 0x454e4f4b492e706e67),
(128, 'しめじ', 4, '2024-01-29 11:09:52', '2024-01-29 11:09:52', NULL, 0, 0x42554e412e706e67),
(129, 'ひらたけ', 4, '2024-01-29 11:09:52', '2024-01-29 11:09:52', NULL, 0, 0x4849524154414b452e706e67),
(130, '舞茸', 4, '2024-01-29 11:09:52', '2024-01-29 11:09:52', NULL, 0, 0x4d414954414b452e706e67),
(131, 'エリンギ', 4, '2024-01-29 11:09:52', '2024-01-29 11:09:52', NULL, 0, 0x4552494e47492e706e67),
(132, 'なめこ', 4, '2024-01-29 11:09:52', '2024-01-29 11:09:52', NULL, 0, 0x4e414d454b4f2e706e67),
(133, 'たまご', 4, '2024-01-29 11:09:52', '2024-01-29 11:09:52', NULL, 0, 0x54414d41474f2e706e67),
(134, 'うずらの卵', 4, '2024-01-29 11:09:52', '2024-01-29 11:09:52', NULL, 0, 0x555a5552412e706e67),
(135, 'チーズ', 4, '2024-01-29 11:09:52', '2024-01-29 11:09:52', NULL, 0, 0x54495a552e706e67),
(136, 'バター', 4, '2024-01-29 11:09:52', '2024-01-29 11:09:52', NULL, 0, 0x42415441522e706e67),
(137, '牛乳', 4, '2024-01-29 11:09:52', '2024-01-29 11:09:52', NULL, 0, 0x4759554e59552e706e67),
(138, 'ヨーグルト', 4, '2024-01-29 11:09:52', '2024-01-29 11:09:52', NULL, 0, 0x594f47552e706e67),
(141, 'タコ', 2, '2024-01-29 13:56:12', '2024-01-29 13:56:12', NULL, 0, 0x4d4144414b4f2e706e67),
(142, '白ネギ', 3, '2024-01-29 14:38:26', '2024-01-29 14:40:32', NULL, 0, 0x5349524f4e454749322e706e67),
(143, '生クリーム', 4, '2024-02-07 13:40:13', '2024-02-07 13:40:13', NULL, 0, 0x4b5552494d552e706e67);

-- --------------------------------------------------------

--
-- テーブルの構造 `genre`
--

CREATE TABLE `genre` (
  `id` bigint(20) NOT NULL COMMENT 'id',
  `genre_name` varchar(256) NOT NULL COMMENT 'ジャンル名',
  `create_date` datetime NOT NULL DEFAULT current_timestamp() COMMENT '作成日時',
  `update_date` datetime NOT NULL DEFAULT current_timestamp() ON UPDATE current_timestamp() COMMENT '更新日時',
  `delete_date` datetime DEFAULT NULL COMMENT '削除日時',
  `delete_flag` tinyint(1) NOT NULL COMMENT '削除フラグ'
) ENGINE=InnoDB DEFAULT CHARSET=utf8mb4 COLLATE=utf8mb4_general_ci COMMENT='ジャンル';

--
-- テーブルのデータのダンプ `genre`
--

INSERT INTO `genre` (`id`, `genre_name`, `create_date`, `update_date`, `delete_date`, `delete_flag`) VALUES
(1, '和風料理', '2024-01-11 11:51:40', '2024-01-11 11:51:40', NULL, 0),
(2, '中華料理', '2024-01-11 11:51:40', '2024-01-11 11:51:40', NULL, 0),
(3, '洋風料理', '2024-01-11 11:51:40', '2024-01-11 11:51:40', NULL, 0);

-- --------------------------------------------------------

--
-- テーブルの構造 `ingredient_category`
--

CREATE TABLE `ingredient_category` (
  `id` bigint(20) NOT NULL COMMENT 'id',
  `ingredient_category_name` varchar(256) NOT NULL COMMENT '食材カテゴリ名',
  `create_date` datetime NOT NULL DEFAULT current_timestamp() COMMENT '作成日時',
  `update_date` datetime NOT NULL DEFAULT current_timestamp() ON UPDATE current_timestamp() COMMENT '更新日時',
  `delete_date` datetime DEFAULT NULL COMMENT '削除日時',
  `delete_flag` tinyint(1) NOT NULL DEFAULT 0 COMMENT '削除フラグ'
) ENGINE=InnoDB DEFAULT CHARSET=utf8mb4 COLLATE=utf8mb4_general_ci COMMENT='食材カテゴリ';

--
-- テーブルのデータのダンプ `ingredient_category`
--

INSERT INTO `ingredient_category` (`id`, `ingredient_category_name`, `create_date`, `update_date`, `delete_date`, `delete_flag`) VALUES
(1, '肉', '2024-01-11 11:55:10', '2024-01-11 11:55:10', NULL, 0),
(2, '魚', '2024-01-11 11:58:22', '2024-01-11 11:58:22', NULL, 0),
(3, '野菜', '2024-01-11 11:59:05', '2024-01-11 11:59:05', NULL, 0),
(4, 'その他', '2024-01-11 11:59:50', '2024-01-11 11:59:50', NULL, 0);

-- --------------------------------------------------------

--
-- テーブルの構造 `m_coupon`
--

CREATE TABLE `m_coupon` (
  `id` bigint(20) NOT NULL COMMENT 'id',
  `prize_id` bigint(20) NOT NULL COMMENT '景品id',
  `coupon_name` varchar(256) NOT NULL COMMENT 'クーポン名',
  `discount_rate` int(100) NOT NULL COMMENT '割引率',
  `coupon_image` blob NOT NULL COMMENT 'クーポン画像'
) ENGINE=InnoDB DEFAULT CHARSET=utf8mb4 COLLATE=utf8mb4_general_ci COMMENT='マスタークーポン';

--
-- テーブルのデータのダンプ `m_coupon`
--

INSERT INTO `m_coupon` (`id`, `prize_id`, `coupon_name`, `discount_rate`, `coupon_image`) VALUES
(1, 1, '99%OFFクーポン', 99, ''),
(2, 2, '98%OFFクーポン', 98, ''),
(3, 3, '97%OFFクーポン', 97, ''),
(4, 4, '1%OFFクーポン', 1, '');

-- --------------------------------------------------------

--
-- テーブルの構造 `prize`
--

CREATE TABLE `prize` (
  `id` bigint(20) NOT NULL COMMENT 'id',
  `prize_name` varchar(256) NOT NULL COMMENT '景品名',
  `prize_image` blob DEFAULT NULL COMMENT '景品画像'
) ENGINE=InnoDB DEFAULT CHARSET=utf8mb4 COLLATE=utf8mb4_general_ci COMMENT='景品';

--
-- テーブルのデータのダンプ `prize`
--

INSERT INTO `prize` (`id`, `prize_name`, `prize_image`) VALUES
(1, 'A賞', NULL),
(2, 'B賞', NULL),
(3, 'C賞', NULL),
(4, 'D賞', NULL);

-- --------------------------------------------------------

--
-- テーブルの構造 `recipe`
--

CREATE TABLE `recipe` (
  `id` bigint(20) NOT NULL COMMENT 'id',
  `prefectures_id` int(47) NOT NULL COMMENT '都道府県番号',
  `recipe_name` varchar(50) NOT NULL COMMENT 'レシピ名',
  `recipe` varchar(10000) NOT NULL COMMENT '作り方',
  `cooking_time` int(255) NOT NULL COMMENT '調理時間',
  `create_date` datetime NOT NULL DEFAULT current_timestamp() COMMENT '作成日時',
  `update_date` datetime NOT NULL DEFAULT current_timestamp() ON UPDATE current_timestamp() COMMENT '更新日時',
  `delete_date` datetime DEFAULT NULL COMMENT '削除日時',
  `delete_flag` tinyint(1) NOT NULL DEFAULT 0 COMMENT '削除フラグ',
  `recipe_image` blob NOT NULL COMMENT 'レシピ画像'
) ENGINE=InnoDB DEFAULT CHARSET=utf8mb4 COLLATE=utf8mb4_general_ci COMMENT='レシピ';

--
-- テーブルのデータのダンプ `recipe`
--

INSERT INTO `recipe` (`id`, `prefectures_id`, `recipe_name`, `recipe`, `cooking_time`, `create_date`, `update_date`, `delete_date`, `delete_flag`, `recipe_image`) VALUES
(5, 0, '炒飯', '1.米300gをお皿に移し粗熱を取り(触って表面がペタつかないぐらい)、醤油小さじ1、酒を小さじ1を混ぜておく<br>\r\n2.白ねぎ3/1(小さめな白ねぎなら半分ぐらい)を粗みじん切りにして、卵2個をしっかりとく<br>\r\n3.フライパンを温め、油大さじ2を入れてなじませる(もっとしっとりがいい方は、小さじ1追加して)<br>\r\n4.卵を一気に入れ、半熟になるまでかき混ぜたら米を入れて、おたまで軽くほぐしながら炒める<br>\r\n5.全体程よく黄色になるまで炒めてたら、白ねぎ、塩3g、味の素3gを入れて炒める(ここで味見をして物足りなかったら自分なりに調整して)<br>\r\n6.混ぜておいた酒醤油を入れて炒める<br>\r\n7.最後に白胡椒を少々入れて全体煽れば完成<br>', 15, '2024-02-02 15:08:10', '2024-02-08 11:19:31', NULL, 0, 0x43484148414e2e706e67),
(6, 0, 'カレーライス', '1.ニンジン100gを斜め切りにして、玉ねぎ250g\r\n ～280gを繊維を切るようにスライスし、玉ねぎをラップせずに600w4分レンジで加熱する<br>2.じゃがいも２個(200g)の皮を剥き、乱切りにした後、塩をひとつまみ塗しラップをして600w4分30秒レンジで加熱する<br>3.ニンニク(2片)の皮を剥いて芯を取って粗みじん切りにし、生姜を細かめなみじん切りにする<br>4.フライパンにラードを大さじ1(サラダ油でも代用可)入れ、玉ねぎを入れたら塩を少々入れたら飴色になるまで炒める<br>5.飴色になったら別皿に移し、フライパンにラード少量入れ、ニンニク、生姜を香りがでるまで炒めたら、別皿に移した玉ねぎを戻し、中火で一緒に炒める<br>6.ケチャップ大さじ2、ウスターソース大さじ1/2を入れ、豚バラ肉に軽く塩胡椒を塗し、豚バラ肉を剥がしながら軽く炒めたら、ニンジンを入れて炒める<br>7.全体的に炒まったら酒120ccを入れ、水分が飛んできたら、水550cc、鶏がらスープの素小さじ1を入れる<br>8.中火で蓋をして5分ぐらい煮たら、カレールー(ジャワカレー)5皿分、バター10g、砂糖小さじ1/2、おろしニンニク1片入れて、弱火で煮る<br>9.カレールーが溶けたらじゃがいもを入れて軽く煮詰めたら完成', 45, '2024-02-08 14:31:51', '2024-02-08 14:33:07', NULL, 0, 0x4b41524552414953552e706e67),
(7, 0, '鶏のからあげ', '1.鶏もも肉400gを大きめに切り、ボウルに移す<br>2.ボウルに移したら、醤油大さじ2、料理酒大さじ2、おろしニンニク小さじ1/2、おろし生姜小さじ1/2、胡椒(塩でも代用可)少々加え、揉み込む<br>3.揉み込んだら30分ほど漬け込む<br>4.片栗粉を塗し、卵白に潜らせてから180度の油で揚げます<br>5.ひっくり返しながら6分ほど揚げたら完成', 40, '2024-02-08 14:31:51', '2024-02-08 14:34:51', NULL, 0, 0x4b4152414147452e706e67),
(8, 0, 'ハンバーグ', '1.玉ねぎ1/2を細かなみじん切りをし、別皿に移し軽くラップをして600w1分30秒レンジで加熱する<br>2.加熱した玉ねぎを冷やしている間にマッシュルーム3個を細かなみじん切りにする<br>3.牛豚合挽き肉250gをボウルに移し、塩小さじ1/3を加え粘り気が出るまでこねる(肉とボウルは冷やしておく)<br>4.粘り気が出たら玉ねぎ、マッシュルーム、卵1個、醤油小さじ2、ナツメグ少々、胡椒少々、牛乳30㏄を入れてこねる<br>5.砕いた麩大さじ5くらい加えてギリ持てる硬さを目指す(完成後に冷蔵庫で30分ほど休ませると安定する)<br>6.空気を抜くように叩きながら形を整えながら、フライパンにサラダ油大さじ1.5を入れる<br>7.弱火と中火の間ぐらいの火力で蓋をして4分加熱したらひっくり返し、再度蓋をして弱火で3分加熱する<br>8.加熱したら爪楊枝やお箸などでハンバーグを刺し、透明な汁が出てきたら完成', 30, '2024-02-08 14:31:51', '2024-02-08 14:35:34', NULL, 0, 0x48414e424147552e706e67),
(9, 40, 'もつ鍋', '1.もつはミックスを推奨しますが、もつ初挑戦なら白もつ(小腸)がオススメ。※ヌメリが気になる場合は軽く湯通ししてから使用<br>2.鍋に【スープ】の材料を全て溶かし入れ、一口大に切ったもつを入れて中火にかけます<br>3.火が通るとアクが出てくるので適当にすくい、アクが出なくなったら一旦火を止める。煮込み過ぎると旨み成分が溶け出るので注意<br>4.約5cm幅の大きめザク切りにしたキャベツをドーナツ状に盛り、真ん中にもやしを山盛りで豪快に乗せます<br>5.その上から約7cm幅に切ったニラを横一列に並べ、乾燥にんにくチップを適量散らし、白ごまと輪切り唐辛子をトッピング<br>6.強火にかけてしばらくするとスープが増えてきます。キャベツがしんなりしてきたら食べ頃。中火に落としてお召し上がりください♪', 50, '2024-02-08 14:31:51', '2024-02-08 14:36:30', NULL, 0, 0x4d4f54554e4142452e706e67),
(10, 0, 'オムライス', '1.玉ねぎと鶏肉を１センチ以下の角切りにし、バターを溶かしてよく炒める<br>2.ケチャップ、ソース、塩コショウで味付けする<br>3.硬めに炊いたご飯を入れ全体が均一になるまで混ぜる<br>4.皿に盛る<br>5.卵と牛乳を溶き、フライパンを強火で温め、油を入れる<br>6.フライパンに卵を入れてすぐに箸でクルクルと小さくかき混ぜ全体を大きくかき混ぜ、液体状の卵を、皿にあるご飯の上に乗せる<br>7.お好みでケチャップをかけて出来上がり', 20, '2024-02-09 14:07:31', '2024-02-09 15:26:39', NULL, 0, 0x4f4d5552414953552e706e67),
(11, 0, 'コロッケ', '1.じゃがいもの皮をむき、多めのお湯でさいばしが通るまで茹でる<br>2.茹でたじゃがいもを取り出し、マッシャーでつぶす<br>3.玉ねぎはみじん切りにする<br>4.フライパンにサラダ油を入れ、塩、コショウを加え、きつね色になるまで玉ねぎを炒める<br>5.更に合い挽き肉を入れて、ナツメグを5振り程度加える(気持ち多めの方がオススメ)<br>6.5を2に加えて混ぜ、コロッケの具は完成！<br>7.コロッケの具を手で丸める(使い捨てのゴム手袋があると便利です)<br>8.小麦粉、パン粉をバットに入れ、卵は溶いてボールへ<br>9.コロッケの具に小麦粉をまぶし、溶き卵に通して、パン粉を付ける<br>10.180度に熱した油でコロッケを揚げる(パン粉がこんがりするまで)11.出来上がり！', 40, '2024-02-09 14:07:31', '2024-02-09 15:27:23', NULL, 0, 0x4b4f524f4b4b452e706e67),
(12, 26, 'たこ焼き', '1.まずは生地作り\r\nボウルに卵、出汁の素、水、小麦粉を入れよく混ぜます<br>2.お好みの材料をカットします<br>3.ソース作り\r\n中濃ソース、醤油、砂糖、ケチャップをボウルに入れよく混ぜます<br>4.たこ焼き器に生地を流し込み、あ、揚げ玉、具材を入れ焼いて、仕上げにソース、マヨネーズ、青のりをかけて完成です', 20, '2024-02-09 14:07:31', '2024-02-09 15:27:57', NULL, 0, 0x54414b4f59414b492e706e67),
(13, 0, '照り焼きチキン', '1鶏肉を食べやすい大きさに切ります。鶏もも肉や鶏むね肉を使用できますが、厚みがある部分は切り開いて薄くしておくと均一に焼き上げやすくなります\r\n<br>2.\r\nボウルにしょうゆ、みりん、砂糖、にんにく、しょうがを入れてよく混ぜ、タレを作ります<br>3.\r\nフライパンにサラダ油を熱し、鶏肉を入れて両面を焼きます。鶏肉に火が通るまで焼きますが、ここでは完全に焼き上げるのではなく、あとでタレと絡めてから再度加熱します<br>4.\r\n鶏肉が焼けたら、タレを加えて鶏肉全体に絡めます。強火でタレを煮詰め、鶏肉にからめます。タレがとろみがついて照り焼きのようになるまで加熱します<br>5.\r\n照り焼きチキンを器に盛り付け、白ごまを振りかけて完成です', 20, '2024-02-09 14:07:31', '2024-02-09 15:28:28', NULL, 0, 0x5459432e706e67),
(14, 0, '焼きそば', '1.野菜を準備します。キャベツは千切り、にんじんは千切りまたは薄い輪切りにします。きのこは薄くスライスします<br>2.\r\n肉や魚介類を細かく切ります<br>3.\r\n中華麺を袋の指示に従って茹で、湯切りしておきます<br>4.\r\nフライパンにサラダ油を熱し、野菜を炒めます。野菜がしんなりするまで炒めます<br>5.\r\n野菜がしんなりしたら、肉や魚介類を加えて炒めます<br>6.\r\n炒めた具材の周りに中華麺を広げ、中央に空いたスペースにオイスターソースやソースを加えます<br>7.\r\n中華麺と具材を組み合わせながら炒め合わせます。全体にソースが均一にまぶされるように混ぜます<br>8.\r\n中華麺が焼き目がつくまで炒め、火が通ったら火を止めます<br>9.\r\n細かく刻んだ青ネギや紅しょうがなどのトッピングを加えて完成です', 15, '2024-02-09 14:07:31', '2024-02-09 15:29:12', NULL, 0, 0x59414b49534f42412e706e67),
(15, 0, '豚の生姜焼き', '1.豚肉を食べやすい大きさに切ります。薄切りがおすすめですが、厚めの肉でも構いません<br>2.\r\n生姜を皮をむいておろします。おろした生姜の汁を絞り出し、生姜のみを取り出します<br>3.\r\nボウルに生姜のみ、醤油、みりん、砂糖、酒を入れてよく混ぜます。これが生姜焼きのたれです<br>4.\r\nフライパンを中火にかけ、サラダ油を熱します<br>5.\r\n豚肉をフライパンに加えて炒めます。肉の色が変わるまで炒め、全体に火が通るようにします<br>6.\r\n肉に火が通ったら、生姜焼きのたれを加えてさらに炒めます。たれが豚肉になじむまで炒め合わせます<br>7.\r\n火を止めて、豚の生姜焼きを器に盛り付けます<br>8.\r\nお好みで青ネギの小口切りやごまを散らして、完成です', 20, '2024-02-09 14:07:31', '2024-02-09 15:29:44', NULL, 0, 0x4253484f2e706e67),
(16, 35, '瓦そば', '1.蕎麦をゆでます。お湯を沸騰させ、蕎麦を入れて表示されている時間通りに茹でます。茹で上がったら、流水でよく洗って水気を切ります<br>2.\r\nそばつゆを用意します。出汁、醤油、みりん、砂糖などを適切な割合で混ぜて、味を調えます。市販のそばつゆを使用する場合は、それを加熱して温めます<br>3.\r\n瓦をよく洗って清潔にし、熱を通します。これは、オーブンで加熱したり、直火で加熱したりしても良いですが、十分に熱を通してから使うようにします<br>4.\r\n温めた瓦の上に、茹でた蕎麦を盛り付けます<br>5.\r\nそばつゆを蕎麦の上にかけます。瓦が熱いので、そばつゆがすぐに温まります<br>6.\r\nお好みで、ネギやわさび、天かすなどを添えて、完成です', 30, '2024-02-09 14:07:31', '2024-02-09 15:30:11', NULL, 0, 0x4b4157415241534f42412e706e67),
(17, 0, '目玉焼き', '1.フライパンを中火にかけ、油を加えて熱します。バターを使う場合は、フライパンが十分に温まった後に加えます<br>2.\r\n卵を割って、生卵をフライパンにそっと落とします。卵を割る際に黄身が割れないよう注意してください<br>3.\r\n卵白が白く固まるまで、約1分間焼きます。黄身はまだ固まっていない状態が目玉焼きらしい柔らかさです<br>4.\r\n卵を裏返し、もう片面を数秒間焼きます。この時、黄身側は焼きすぎないように注意してください<br>5.\r\nフライパンから取り出し、お皿に盛り付けます。必要に応じて、塩や胡椒を振って味を調えます', 4, '2024-02-09 14:07:31', '2024-02-09 15:30:39', NULL, 0, 0x4d4544414d412e706e67),
(18, 45, 'チキン南蛮', '1.鶏肉を食べやすい大きさに切ります。厚みがある部分は切り開いて薄くします<br>2.\r\n鶏肉に塩・こしょうを振り、片栗粉をまぶします<br>3.\r\n別のボウルに卵を割り、溶いておきます<br>4.\r\nフライパンにサラダ油を熱し、鶏肉を両面こんがりと揚げます。中火から強火程度の温度で揚げましょう。揚げたら油を切っておきます<br>5.\r\nソースを作ります。鍋に白だし、酢、砂糖、しょうゆ、みりん、醤油、生姜、にんにくを入れて火にかけ、煮詰めます。赤唐辛子を加えても良いでしょう<br>6.\r\n揚げた鶏肉にソースをかけて、お皿に盛り付けます<br>7.\r\n付け合せのご飯やサラダ、レモンを添えて完成です', 30, '2024-02-09 14:07:31', '2024-02-09 15:31:09', NULL, 0, 0x54494b494e414e2e706e67),
(19, 24, 'ホルモンうどん', '1.ホルモンを食べやすい大きさに切ります。必要に応じて、水で洗って臭みを取ります<br>2.\r\n鍋に水を入れ、うどんを表示通りに茹でます。茹でたら、ざるにあげて水気を切っておきます<br>3.\r\n別の鍋にごま油を熱し、にんにくと生姜を炒めます<br>4.\r\nホルモンを加えて炒め、色が変わるまで炒めます<br>5.\r\nホルモンに火が通ったら、みりん、醤油、砂糖を加えて味を調えます。お好みでおろししょうがを加えます<br>6.\r\nうどんが入った器に、ホルモンとスープを盛り付けます<br>7.\r\nねぎや七味唐辛子をトッピングして完成です', 30, '2024-02-09 14:07:31', '2024-02-09 15:32:00', NULL, 0, 0x484f52554d4f4e552e706e67),
(20, 34, '広島焼き', '1.キャベツは細かく刻み、豚肉や海鮮は食べやすい大きさに切ります<br>2.\r\nボウルに薄力粉と卵を混ぜ合わせ、水を少しずつ加えながら生地を作ります。生地はドロッとした状態にします<br>3.\r\nフライパンにサラダ油を敷き、生地を流し入れて広げます。生地の上にキャベツ、豚肉や海鮮、麺を乗せます<br>4.\r\n上から更に生地を流し入れ、表面を平らに整えます<br>5\r\n生地が少し固まったら、表面をひっくり返します。広島焼き用の麺が入っている場合は、この時に麺が下になるようにします<br>6.\r\n再び表面が固まったら、お好み焼きソースをかけ、青のりと紅しょうがをトッピングして完成です', 30, '2024-02-09 14:07:31', '2024-02-09 15:32:28', NULL, 0, 0x4849524f59414b492e706e67),
(21, 22, 'ひつまぶし', '1.鶏肉を食べやすい大きさに切ります。鶏もも肉や鶏むね肉を使用しますが、鶏もも肉のほうがジューシーに焼ける場合があります<br>2.\r\n炭火やグリルで鶏肉を焼きます。鶏肉に焼き目がつくまで焼き、中まで火が通るようにします。焼き加減はお好みで調整してください<br>3.\r\n米を炊きます。一般的には普通のご飯として炊きますが、少し硬めに炊くのがひつまぶしに合います<br>4.\r\n薬味を準備します。青ねぎは小口切りにし、梅干しは種を取り除いて潰し、生姜はみじん切りにします<br>5.\r\nひつまぶしのたれを作ります。醤油、みりん、砂糖を混ぜ合わせておきます<br>6.\r\n焼いた鶏肉を刻んで丼に盛ります。その上に薬味を散らし、ひつまぶしのたれをかけます<br>7.\r\nお茶漬けの具として梅干しやのり、漬物などを添えて完成です', 40, '2024-02-09 14:07:31', '2024-02-09 15:32:53', NULL, 0, 0x484954554d412e706e67),
(22, 9, '宇都宮餃子', '1.キャベツ、ニラ、タマネギ、にんにく、しょうがをみじん切りにします<br>2.\r\nボウルに豚ひき肉とみじん切りにした野菜を入れ、調味料（しょう油、醤油、塩、コショウ、ごま油）を加えてよく混ぜます。手でよくこねると均一になります<br>3.\r\n餃子の皮に具材を包んで餃子を作ります。皮の中央に具を乗せ、周囲に水を塗り、半分に折りたたんで端から中心に向かって少しずつ折り返しながら閉じます<br>4.\r\nフライパンにごま油を熱し、餃子を並べます。底がこんがり焼けるまで焼きます<br>5.\r\n鶏ガラスープを餃子の半分まで注ぎ、蓋をして蒸し焼きにします。鶏ガラスープがほとんどなくなるまで蒸し焼きにします<br>6.\r\n蓋を取って、残りのスープが蒸発するまで焼きます。最後にフライパンの周囲に焼き目を付けます<br>7.\r\n餃子をお皿に盛り付け、お好みのタレやラー油を添えて完成です', 30, '2024-02-09 14:07:31', '2024-02-09 15:33:28', NULL, 0, 0x5547594f555a412e706e67),
(23, 42, 'ちゃんぽん', '1.野菜と豚バラ肉を準備します。キャベツはざく切り、にんじんは薄切り、ニラは小口切り、シイタケは薄切り、かまぼこは斜め切りにします<br>2.\r\nフライパンでごま油を熱し、豚バラ肉を炒めます<br>3.\r\n豚バラ肉が焼けたら、にんじん、キャベツ、シイタケ、もやし、キクラゲ、かまぼこを加えて炒めます<br>4.\r\n野菜がしんなりしたら、鶏がらスープを加えます<br>5.\r\n鍋に醤油、塩、砂糖、酒を入れて煮立たせ、スープに加えます<br>6.\r\n別の鍋で中華麺をゆでます<br>7.\r\nゆでた中華麺を器に盛り、具材とスープをかけて完成です', 30, '2024-02-09 14:07:31', '2024-02-09 15:33:53', NULL, 0, 0x4348414e504f4e2e706e67),
(24, 0, 'とんかつ', '1.豚肉を食べやすい大きさに切ります。厚みがある場合は、包丁の背で叩いて均一の厚さにします<br>2.\r\n肉に塩とコショウを振ります<br>3.\r\n小麦粉、溶き卵、パン粉の順に肉をつけます。パン粉がしっかりとつくように、手で押さえながらつけます<br>4.\r\nフライパンにサラダ油を熱し、中火から中弱火で豚肉を両面カリッと揚げます。油の温度が高すぎると表面が焦げやすいので注意してください<br>5.\r\n豚肉がきれいな色になり、中までしっかりと火が通ったら取り出します。キッチンペーパーなどで余分な油を吸い取ります<br>6.\r\n豚かつを切ってお皿に盛り付け、青のりやレモンを添えて完成です', 30, '2024-02-09 14:07:31', '2024-02-09 15:34:27', NULL, 0, 0x544f4e4b4154552e706e67),
(25, 0, 'バターチキンカレー', '1.鶏もも肉を食べやすい大きさに切り、塩とコショウで下味をつけます<br>2.\r\n玉ねぎ、にんにく、しょうがをみじん切りにします<br>3.\r\nフライパンにバターを溶かし、みじん切りにした玉ねぎ、にんにく、しょうがを炒めます<br>4.\r\n玉ねぎが透明になったら、トマト缶とトマトピューレを加えてよく混ぜ、しばらく煮込みます<br>5.\r\nヨーグルトと生クリームを加え、再び混ぜます<br>6.\r\n鶏もも肉を加え、コリアンダーパウダー、クミンパウダー、ガラムマサラ、ターメリックパウダー、唐辛子パウダーを加えてよく混ぜます<br>7.\r\n中火で約15〜20分間、鶏肉が完全に火が通るまで煮込みます。途中で必要に応じて水を加えて様子を見ましょう8.\r\n味を見て塩やコショウで調整し、仕上げにコリアンダーの葉を散らして完成です', 50, '2024-02-09 14:07:31', '2024-02-09 15:34:55', NULL, 0, 0x4241544154494b494e2e706e67),
(26, 0, 'ヤンニョムチキン', '1.鶏肉を食べやすい大きさに切り、にんにくとしょうがをみじん切りにします<br>2.\r\nボウルにしょう油、砂糖、醤油、ゴチュジャン、ゴチュガル、粉唐辛子、にんにく、しょうが、ごま油を入れてよく混ぜ、タレを作ります<br>3.\r\n鶏肉をタレに漬けておきます。できれば、数時間以上漬け込んで味を馴染ませます<br>4.\r\nフライパンに少量の油を熱し、鶏肉を焼きます。中火から強火で焼き、両面に焼き色がつくまで焼きます5.\r\n鶏肉が焼けたら、残っているタレを加えて絡めます。タレがとろみがつくまで煮詰めます<br>6.\r\n火から下ろし、お皿に盛り付けます。仕上げにごまと青ねぎを散らして完成です', 40, '2024-02-09 14:07:31', '2024-02-09 15:35:15', NULL, 0, 0x59414e594f4d552e706e67),
(27, 0, '麻婆豆腐', '1.豆腐を食べやすい大きさに切り、片栗粉を薄くまぶします。水で軽く洗い、水気を切っておきます<br>2.\r\nにんにくとしょうがをみじん切りにします<br>3.\r\nフライパンにごま油を熱し、にんにくとしょうがを炒めます<br>4.\r\n豚ひき肉または牛ひき肉を加えて炒め、ひき肉がほぐれるまで炒めます<br>5.\r\n豆板醤、甜面醤、醤油、砂糖、酒を加えて混ぜ、香りを引き出します<br>6.\r\n水または鶏がらスープを加え、混ぜながら煮詰めます<br>7.\r\n豆腐を加えて崩しながら混ぜ、豆腐に味が染み込むように煮ます<br>8.\r\n豆腐が煮えたら、水溶き片栗粉を加えてとろみをつけます9.\r\n最後に青ねぎを散らして完成です', 25, '2024-02-09 14:07:31', '2024-02-09 15:35:45', NULL, 0, 0x4d41424f2e706e67),
(28, 0, '豚汁', '1.豚肉を食べやすい大きさに切ります。野菜も準備し、じゃがいもとにんじんは皮をむいて、こんにゃくは水にさらして臭みを抜きます<br>2.\r\n鍋にだし汁または水を入れ、豚肉とこんにゃくを入れて火にかけます。一煮立ちしたらアクを取りながら、中火で約5分煮ます<br>3.\r\n野菜を加えてさらに煮ます。野菜が柔らかくなるまで約10分程度煮ます<br>4.\r\n醤油を加えて味を調え、最後に味噌を溶かして入れます。塩やこしょうで味を調整し、ねぎの小口切りを加えて火を止めます<br>5.\r\n器に盛り付けて完成です\r\n', 30, '2024-02-09 14:07:31', '2024-02-09 15:36:06', NULL, 0, 0x544f4e5a4952552e706e67),
(29, 0, '焼き鮭', '1.鮭の切り身を水洗いし、キッチンペーパーで水気を拭き取ります<br>2.\r\n鮭の切り身に塩とこしょうを振ります。両面に均等にまぶします<br>3.\r\nフライパンにサラダ油を少し熱し、鮭の切り身を皮側から入れます<br>4.\r\n中火で皮がカリッと焼けるまで焼きます。焼き始めは皮側を下にして、蓋をして焼きます<br>5.\r\n皮がカリッと焼けたら、裏返して再度焼きます。この時、皮が剥がれないように注意してください<br>6.\r\n裏返したら蓋をして再度焼き、鮭の切り身全体に火が通るようにします<br>7.\r\n焼き上がったら器に盛り付けて完成です', 15, '2024-02-09 14:07:31', '2024-02-09 15:36:29', NULL, 0, 0x595348414b452e706e67),
(30, 0, '海老のかき揚げ', '1.海老は背わたを取り除き、尾の先から包丁で背中に切り込みを入れて広げます<br>2.\r\n野菜は食べやすい大きさに切ります。キャベツは葉を広げて切ると食感が良くなります<br>3.\r\nボウルに小麦粉と氷水を混ぜて生地を作ります。氷水を使うことで衣がサクサクに仕上がります<br>4.\r\n海老と野菜を生地に絡め、天ぷら用の油で180度程度に熱した鍋やフライヤーで揚げます。海老の色が変わり、野菜がカリッとするまで揚げます<br>5.\r\n余分な油をキッチンペーパーで吸い取り、器に盛り付けます<br>6.\r\n天つゆを添えて、お好みでおろししょうがや天かす、青のりなどをトッピングして完成です', 20, '2024-02-09 14:07:31', '2024-02-09 15:37:01', NULL, 0, 0x4542494b2e706e67),
(31, 0, '竹輪の磯部揚げ', '1.竹輪は斜めに薄く切り、水気をしっかりと拭き取ります<br>2.\r\n鍋にしょうゆ、みりん、砂糖、だしを入れて火にかけ、煮立たせます<br>3.\r\n竹輪を煮汁に加え、火を止めて10分ほど漬け込みます。煮汁が竹輪に染み込むようにします<br>4.\r\n揚げる直前に、竹輪をさつま揚げ粉で薄く衣をつけます<br>5.\r\n中温の油で竹輪を揚げます。竹輪がきつね色になるまで揚げ、キッチンペーパーで油を切ります<br>6.\r\n盛り付け皿に竹輪を並べ、すりごまとかつお節を散らして完成です', 15, '2024-02-09 14:07:31', '2024-02-09 15:37:33', NULL, 0, 0x54494b55542e706e67),
(32, 0, '海老の天ぷら', '1.海老は背わたを取り除き、尾の先から包丁で背中に切り込みを入れて広げます<br>2.\r\n小麦粉をまぶしてから、軽く水洗いし、キッチンペーパーで水気を取ります<br>3.\r\n生地を作るためのボウルに卵と氷水を入れてよく混ぜます。氷水を使うことで衣がサクサクになります<br>4.\r\n小麦粉と卵液を混ぜて、なめらかな生地を作ります。生地がゆるすぎる場合は、天ぷら粉や薄力粉を加えて調整します<br>5.\r\n海老を生地に絡め、天ぷら用の油で180度程度に熱した鍋やフライヤーで揚げます。海老の色が変わり、衣がカリッとするまで揚げます<br>6.\r\n余分な油をキッチンペーパーで吸い取り、器に盛り付けます<br>7.\r\n天つゆを添えて、お好みでおろししょうがや天かす、青のりなどをトッピングして完成です', 15, '2024-02-09 14:07:31', '2024-02-09 15:38:02', NULL, 0, 0x454249542e706e67),
(33, 0, 'イカの天ぷら', '1.イカを丁寧にさばき、筋や内臓を取り除きます。イカはリング状に切るか、縦に薄切りにします<br>2.\r\n小麦粉をまぶしてから、軽く水洗いし、キッチンペーパーで水気を取ります<br>3.\r\n生地を作るためのボウルに卵と氷水を入れてよく混ぜます。氷水を使うことで衣がサクサクになります<br>4.\r\n小麦粉と卵液を混ぜて、なめらかな生地を作ります。生地がゆるすぎる場合は、天ぷら粉や薄力粉を加えて調整します<br>5.\r\nイカを生地に絡め、天ぷら用の油で180度程度に熱した鍋やフライヤーで揚げます。イカの色が変わり、衣がカリッとするまで揚げます<br>6.\r\n余分な油をキッチンペーパーで吸い取り、器に盛り付けます<br>7.\r\n天つゆを添えて、お好みでおろししょうがや天かす、青のりなどをトッピングして完成です', 15, '2024-02-09 14:07:31', '2024-02-09 15:38:27', NULL, 0, 0x494b41542e706e67),
(34, 0, '鶏の天ぷら', '1.鶏肉を食べやすい大きさに切ります。鶏もも肉や鶏むね肉を使用してください<br>2.\r\n小麦粉をまぶしてから、軽く水洗いし、キッチンペーパーで水気を取ります<br>3.\r\n生地を作るためのボウルに卵と氷水を入れてよく混ぜます。氷水を使うことで衣がサクサクになります<br>4.\r\n小麦粉と卵液を混ぜて、なめらかな生地を作ります。生地がゆるすぎる場合は、天ぷら粉や薄力粉を加えて調整します<br>5.\r\n鶏肉を生地に絡め、天ぷら用の油で180度程度に熱した鍋やフライヤーで揚げます。鶏肉の色が変わり、衣がカリッとするまで揚げます<br>6.\r\n余分な油をキッチンペーパーで吸い取り、器に盛り付けます<br>7.\r\n天つゆを添えて、お好みでおろししょうがや天かす、青のりなどをトッピングして完成です', 15, '2024-02-09 14:07:31', '2024-02-09 15:38:52', NULL, 0, 0x544f5249542e706e67),
(35, 0, 'かぼちゃの天ぷら', '1.かぼちゃを薄切りにします。種とわたを取り除いて、皮をむいてから薄切りにすると食感が良くなります<br>2.\r\n小麦粉をまぶしてから、軽く水洗いし、キッチンペーパーで水気を取ります<br>3.\r\n生地を作るためのボウルに卵と氷水を入れてよく混ぜます。氷水を使うことで衣がサクサクになります<br>4.\r\n小麦粉と卵液を混ぜて、なめらかな生地を作ります。生地がゆるすぎる場合は、天ぷら粉や薄力粉を加えて調整します<br>5.\r\nかぼちゃを生地に絡め、天ぷら用の油で180度程度に熱した鍋やフライヤーで揚げます。かぼちゃの色が変わり、衣がカリッとするまで揚げます<br>6.\r\n余分な油をキッチンペーパーで吸い取り、器に盛り付けます<br>7.\r\n天つゆを添えて、お好みでおろししょうがや天かす、青のりなどをトッピングして完成です', 15, '2024-02-09 14:07:31', '2024-02-09 15:39:18', NULL, 0, 0x4b41424f542e706e67),
(36, 0, 'さつまいもの天ぷら', '1.さつまいもを皮をむいて、薄い輪切りにします。輪切りにしたさつまいもは水にさらしてアクを抜きます<br>2.\r\n小麦粉をまぶしてから、軽く水洗いし、キッチンペーパーで水気を取ります<br>3.\r\n生地を作るためのボウルに卵と氷水を入れてよく混ぜます。氷水を使うことで衣がサクサクになります<br>4.\r\n小麦粉と卵液を混ぜて、なめらかな生地を作ります。生地がゆるすぎる場合は、天ぷら粉や薄力粉を加えて調整します<br>5.\r\nさつまいもを生地に絡め、天ぷら用の油で180度程度に熱した鍋やフライヤーで揚げます。さつまいもの色が変わり、衣がカリッとするまで揚げます<br>6.\r\n余分な油をキッチンペーパーで吸い取り、器に盛り付けます<br>7.\r\n天つゆを添えて、お好みでおろししょうがや天かす、青のりなどをトッピングして完成です', 15, '2024-02-09 14:07:31', '2024-02-09 15:39:47', NULL, 0, 0x53415455542e706e67),
(37, 0, 'なすの天ぷら', '1.なすを輪切りにし、厚さ約1cmに切ります。厚めの輪切りにすると食べ応えがあります<br>2.\r\nなすに軽く塩を振って水気を抜きます。しばらく置いてから水気をキッチンペーパーで拭き取ります<br>3.\r\n生地を作るためのボウルに卵と氷水を入れてよく混ぜます。氷水を使うことで衣がサクサクになります<br>4.\r\n小麦粉と卵液を混ぜて、なめらかな生地を作ります。生地がゆるすぎる場合は、天ぷら粉や薄力粉を加えて調整します<br>5.\r\nなすを生地に絡め、天ぷら用の油で180度程度に熱した鍋やフライヤーで揚げます。なすの色が変わり、衣がカリッとするまで揚げます<br>6.\r\n余分な油をキッチンペーパーで吸い取り、器に盛り付けます<br>7.\r\n天つゆを添えて、お好みでおろししょうがや天かす、青のりなどをトッピングして完成です。', 15, '2024-02-09 14:07:31', '2024-02-09 15:40:15', NULL, 0, 0x4e415355542e706e67),
(38, 0, 'オクラの天ぷら', '1.オクラはヘタを取り除き、縦に半分に切ります。大きなオクラはさらに縦に4つに切ると食べやすくなります<br>2.\r\n小麦粉をまぶしてから、軽く水洗いし、キッチンペーパーで水気を取ります<br>3.\r\n生地を作るためのボウルに卵と氷水を入れてよく混ぜます。氷水を使うことで衣がサクサクになります<br>4.\r\n小麦粉と卵液を混ぜて、なめらかな生地を作ります。生地がゆるすぎる場合は、天ぷら粉や薄力粉を加えて調整します<br>5.\r\nオクラを生地に絡め、天ぷら用の油で180度程度に熱した鍋やフライヤーで揚げます。オクラの色が変わり、衣がカリッとするまで揚げます<br>6.\r\n余分な油をキッチンペーパーで吸い取り、器に盛り付けます<br>7.\r\n天つゆを添えて、お好みでおろししょうがや天かす、青のりなどをトッピングして完成です', 15, '2024-02-09 14:07:31', '2024-02-09 15:40:45', NULL, 0, 0x4f4b55542e706e67),
(39, 0, '酢豚', '1,豚肉を食べやすい大きさに切り、片栗粉をまぶします。卵を割り、豚肉に満遍なくつけ、その後小麦粉をまぶします<br>2.\r\nフライパンにサラダ油を熱し、豚肉を揚げて表面がこんがりするまで焼きます。豚肉を取り出して水気を切ります<br>3.\r\n玉ねぎ、赤パプリカ、にんじん、ピーマンを食べやすい大きさに切ります。キクラゲが乾燥している場合は戻してから細かく切ります<br>4.\r\n別のフライパンにサラダ油を熱し、玉ねぎとにんじんを炒めます。野菜がしんなりしたら赤パプリカとピーマン、キクラゲを加えて炒めます<br>5.\r\nパイナップルを食べやすい大きさに切ります。パイナップルの缶詰の場合は、缶詰のシロップを捨ててもOKです<br>6.\r\nソースの材料を合わせておきます<br>7.\r\n野菜が炒められたら、豚肉とパイナップルを加え、ソースを全体にかけます。ソースがとろみがついたら火を止めます8.\r\nお皿に盛り付けて、ご飯と一緒にお召し上がりください', 30, '2024-02-09 14:07:31', '2024-02-09 15:41:15', NULL, 0, 0x5355425554412e706e67),
(40, 0, 'ポトフ', '1.野菜を下ごしらえします。じゃがいも、にんじん、玉ねぎ、セロリ、タマネギは食べやすい大きさに切ります。キャベツはざく切りにし、グリーンビーンズは筋を取り除きます。ガーリックはみじん切りにし、トマトは刻みます<br>2.\r\n牛肉や豚肉は食べやすい大きさに切ります<br>3.\r\n鍋にオリーブオイルを中火で熱し、ガーリックを加えて香りを引き出します<br>4.\r\n鍋に肉を加えて全体に火が通るように炒めます<br>5.\r\n炒めた肉に野菜を加え、さらに炒めます<br>6.\r\n野菜に火が通ったら、野菜や肉のブイヨンを加え、ローリエを入れます<br>7.\r\n鍋を蓋で覆い、中火で20〜30分程度煮ます。途中でアクを取り除いてください<br>8.\r\n野菜が柔らかくなったら、トマトを加えてさらに5分間煮ます<br>9.\r\n塩と黒コショウで味を調え、パセリを散らして完成です', 60, '2024-02-09 14:07:31', '2024-02-09 15:41:57', NULL, 0, 0x504f544f46552e706e67),
(41, 0, 'ホットドック', '1.ソーセージを調理します。一般的には、グリルやフライパンで焼いたり、湯がいたりします。焼く場合は、両面が焼き目がつくまで焼きます。湯がく場合は、お湯を沸騰させてからソーセージを入れ、約5分間ゆでます<br>2.\r\nバンズを用意します。一般的にはバンズをトースターなどで軽く温めます<br>3.\r\nバンズの内側にケチャップやマスタードなどの調味料を塗ります<br>4.\r\nソーセージをバンズに挟みます<br>5.\r\nタマネギ、ピクルス、チーズ、チリソースなどのトッピングを好みで加えます<br>6.\r\nお好みのソースや調味料を追加して、完成です', 10, '2024-02-09 14:07:31', '2024-02-09 15:42:19', NULL, 0, 0x484f54444f472e706e67),
(42, 0, '牛丼', '1.玉ねぎを薄くスライスします<br>2.\r\nフライパンにサラダ油を熱し、玉ねぎを炒めます<br>3.\r\n玉ねぎが透明になったら、牛肉を加えて炒めます<br>4.\r\n牛肉の色が変わったら、しょうゆ、砂糖、みりん、酒、だしを加えて全体が煮詰まるまで煮込みます<br>5.\r\nご飯を丼に盛り、その上に牛肉と玉ねぎをのせます<br>6.\r\n青ねぎを散らして、完成です', 20, '2024-02-09 14:07:31', '2024-02-09 15:42:41', NULL, 0, 0x475955444f4e2e706e67),
(43, 0, '豚の角煮', '1.豚バラ肉を食べやすい大きさに切ります。食べ応えのある大きさが好ましいですが、お好みで調整してください<br>2.\r\n鍋に水を沸騰させ、豚肉を入れて煮立たせます。一度煮立ったら、豚肉を取り出して水洗いし、水気を切ります<br>3.\r\n別の鍋に醤油、みりん、砂糖、生姜、にんにくを入れて混ぜ、火にかけます<br>4.\r\n調味液が沸騰したら、豚肉を加えます<br>5.\r\n豚肉が再び沸騰したら、弱火にして蓋をして約1.5〜2時間煮込みます。途中で豚肉が乾燥しないように、液が足りない場合は水を追加してください<br>6.\r\n豚肉が柔らかくなり、味がしっかり染み込んだら火を止めます<br>7.\r\n鍋から豚肉を取り出し、食べやすい大きさに切ります<br>8.\r\n豚肉を器に盛り付け、調味液をかけて青ねぎを散らして完成です', 150, '2024-02-09 14:07:31', '2024-02-09 15:43:26', NULL, 0, 0x424b414b552e706e67),
(44, 0, '豚キムチ', '1.豚肉を食べやすい大きさに切ります。薄切りにするとより早く火が通ります<br>2.\r\nフライパンにゴマ油を熱し、にんにくと生姜を炒めます<br>3.\r\n豚肉を加えて炒め、色が変わるまで炒めます<br>4.\r\nキムチを加えて炒め、キムチのタレを加えて全体になじませます<br>5.\r\n豚肉が完全に火が通り、キムチと混ざったら火を止めます<br>6.\r\n青ねぎを散らし、オプションでごまを振りかけます<br>7.\r\n器に盛り付けて、ご飯と一緒にお召し上がりください', 20, '2024-02-09 14:07:31', '2024-02-09 15:43:53', NULL, 0, 0x424b2e706e67),
(45, 0, '豚バラ大根', '1.大根を輪切りにし、厚さは1.5cmほどにします。豚バラ肉は食べやすい大きさに切ります<br>2.\r\n鍋にだしを入れて火にかけ、大根と生姜を加えて煮ます。大根が柔らかくなるまで10〜15分ほど煮ます<br>3.\r\n別のフライパンで豚バラ肉を焼きます。焼き色がつくまで焼き、余分な脂をキッチンペーパーで吸い取ります<br>4.\r\n鍋に醤油、みりん、砂糖を加えて混ぜ、大根と豚バラ肉を入れて更に煮ます。全体がよく煮込まれるようにします<br>5.\r\n全体に味がなじんだら火を止め、器に盛り付けます<br>6\r\n青ねぎを散らして完成です', 60, '2024-02-09 14:07:31', '2024-02-09 15:44:37', NULL, 0, 0x4242442e706e67),
(46, 0, '油淋鶏', '1.鶏肉を食べやすい大きさに切り、片栗粉と水溶き片栗粉を混ぜたものに絡めます<br>2.\r\n中火で鍋に油を熱し、鶏肉を揚げます。表面がカリッとするまで揚げ、取り出して油を切ります<br>3.\r\n別のフライパンにサラダ油を熱し、みじん切りにした生姜とにんにくを炒めます<br>4.\r\n醤油、酢、砂糖、鶏がらスープの素、水を加えて混ぜ、タレを作ります<br>5.\r\nフライパンに揚げた鶏肉を戻し、タレを加えて炒めます<br>6.\r\nタレが少しとろみがついたら火を止めます<br>7.\r\n器に盛り付け、青ねぎと赤唐辛子を散らして完成です', 30, '2024-02-09 14:07:31', '2024-02-09 15:45:01', NULL, 0, 0x595552492e706e67),
(47, 0, 'ゆで卵', '1.鍋に水を入れ、水面から卵が少し浮くようにします。卵を入れる際に予め常温に戻しておくと、割れにくくなります<br>2.\r\n中火にして水を沸騰させます。水が沸騰したら、卵を一つずつゆっくりと鍋に入れます。急激な温度変化で卵が割れることを避けるためです<br>3.\r\n卵を入れたら、弱火にして蓋をし、約9〜12分間ゆでます。ゆで時間は、卵の大きさや硬さの好みによって調整します。ゆで時間が経ったら、火を止めます<br>4.\r\n水から卵を取り出し、冷水に入れて冷やします。これにより卵が割れにくくなり、殻が剥きやすくなります<br>5.\r\n冷水に浸けた後、卵の殻を剥きます。卵が破損しないよう、殻を剥く際は慎重に行います<br>6.\r\n卵を剥いたら、キッチンペーパーなどで水気を拭き取ります', 10, '2024-02-09 14:07:31', '2024-02-09 15:45:28', NULL, 0, 0x5955444554414d412e706e67),
(48, 0, 'シチュー', '1.牛肉を食べやすい大きさに切ります。鶏肉を使用する場合は、骨と皮を取り除き、食べやすい大きさに切ります<br>2.\r\n鍋にサラダ油を熱し、肉を加えて炒めます。肉に焼き色がつくまで炒めます<br>3.\r\n玉ねぎを加えて炒め、透明になるまで調理します<br>4.\r\nじゃがいも、人参、セロリを加え、さらに炒めます<br>5.\r\nトマト缶を加え、全体に混ぜます<br>6.\r\n水またはブイヨンを加え、沸騰させます<br>7.\r\n沸騰したら、シチュー用のルーを加えてよく混ぜます<br>8.\r\n蓋をして中火にし、約30分間煮込みます。野菜が柔らかくなり、味がなじんだら完成です<br>9.\r\n塩と胡椒で味を調え、器に盛り付けてお召し上がりください', 60, '2024-02-09 14:07:31', '2024-02-09 15:46:02', NULL, 0, 0x53494348552e706e67),
(49, 0, 'メンチカツ', '1.ボウルに挽き肉、みじん切りにした玉ねぎ、卵、塩、黒こしょうを入れてよく混ぜます<br>2.\r\n手で小さめの円盤状に成形します。厚さは1.5〜2cm程度が一般的です<br>3.\r\nメンチカツを小麦粉、溶き卵、パン粉の順にまぶします。2度揚げする場合は、1度目の小麦粉と2度目のパン粉をするだけで構いません<br>4.\r\nフライパンにサラダ油を熱し、中火でメンチカツを両面カリッと揚げます。2〜3分程度ずつ揚げると良いでしょう<br>5.\r\nキッチンペーパーなどで油を切り、お皿に盛り付けます<br>6.\r\nソースやケチャップ、からしを添えて、お召し上がりください', 30, '2024-02-09 14:07:31', '2024-02-09 15:46:26', NULL, 0, 0x4d454e54492e706e67),
(50, 0, 'たらこパスタ', '1.スパゲッティを塩を入れた湯でアルデンテ（歯ごたえがある程度に）に茹でます<br>2.\r\nフライパンにバターを溶かし、にんにくを加えて炒めます<br>3.\r\nたらこを加えてさらに炒め、たらこがほぐれるまで炒めます<br>4.\r\n生クリームを加え、おろし生姜としょうゆを加えて混ぜます。塩と黒こしょうで味を調えます<br>5.\r\n茹で上がったスパゲッティをフライパンに加え、ソースとよく絡めます<br>6.\r\n器に盛り付け、青ねぎを散らして完成です', 15, '2024-02-09 14:07:31', '2024-02-09 15:46:51', NULL, 0, 0x544152414b4f5041535554412e706e67),
(51, 0, 'カルボナーラ', '1.スパゲッティを塩を入れたたっぷりの湯でアルデンテ（茹で加減）に茹でます<br>2.\r\n別のフライパンでオリーブオイルを中火で熱し、みじん切りにしたニンニクを加えて香りを出します<br>3.\r\nベーコンまたはパンチェッタを加えて炒め、少しカリッとするまで焼きます<br>4.\r\n卵をボウルに割り入れ、粉チーズを加えてよく混ぜます。塩と黒こしょうで味を調えます<br>5.\r\n茹で上がったスパゲッティをフライパンに加え、ベーコンとよく絡めます<br>6.\r\nパスタをフライパンから取り出し、卵とチーズの混合物を加えてすぐに混ぜます。熱いパスタの熱で卵が加熱されてソースがクリーミーになります<br>7.\r\n器に盛り付け、パセリを散らして完成です', 15, '2024-02-09 14:07:31', '2024-02-09 15:47:17', NULL, 0, 0x4b415255424f2e706e67),
(52, 0, 'ナポリタン', '1.スパゲッティを塩を入れたたっぷりの湯でアルデンテ（茹で加減）に茹で、ザルにあけて水気を切ります<br>2.\r\nフライパンにサラダ油を熱し、みじん切りにした玉ねぎとピーマンを炒めます<br>3.\r\n玉ねぎが透明になったら、ソーセージを加えてさらに炒めます<br>4.\r\n具材に火が通ったら、ケチャップを加えて全体になじませます。お好みでケチャップの量を調整してください<br>5.\r\nスパゲッティをフライパンに加え、ソースとよく絡めます<br>6.\r\n塩と黒こしょうで味を調え、器に盛り付けて完成です', 15, '2024-02-09 14:07:31', '2024-02-09 15:47:39', NULL, 0, 0x4e41504f52492e706e67),
(53, 0, 'ペペロンチーノ', '1.スパゲッティを塩を入れたたっぷりの湯でアルデンテ（茹で加減）に茹でます<br>2.\r\n別のフライパンにオリーブオイルを中火で加熱し、みじん切りにしたニンニクを加えて香りが立つまで炒めます。ニンニクが焦げないように注意しましょう<br>3.\r\n火を止め、乾燥唐辛子を加えてよく混ぜます。唐辛子の辛さはお好みで調整してください<br>4.\r\n茹で上がったスパゲッティを湯切りし、フライパンに加えてオリーブオイルと唐辛子とよく絡めます<br>5.\r\n塩で味を調え、器に盛り付けます<br>6.\r\nオプションでパセリのみじん切りやパルメザンチーズを散らして、完成です', 15, '2024-02-09 14:07:31', '2024-02-09 15:48:02', NULL, 0, 0x504550452e706e67),
(54, 0, 'ミートソーススパゲティ', '1.大きめのフライパンにオリーブオイルを中火で熱し、みじん切りにした玉ねぎとにんにくを炒めます<br>2.\r\n玉ねぎが透明になり、にんにくが香り立つまで炒めたら、挽き肉を加えて炒めます。肉がこんがりと焼けるまで炒めます<br>3.\r\n肉に火が通ったら、トマト缶とトマトピューレを加えてよく混ぜます。赤ワインを加える場合は、ここで加えます<br>4.\r\n味を調えるために塩と黒こしょうを加え、バジルを振りかけます。ソースが煮詰まるまで中火で煮込みます（約20〜30分程度）<br>5.\r\nスパゲッティを塩を入れたたっぷりの湯でアルデンテ（茹で加減）に茹でます<br>6.\r\n茹で上がったスパゲッティを湯切りし、皿に盛り付けます<br>7.\r\nミートソースをスパゲッティの上にかけ、パルメザンチーズを散らして完成です', 30, '2024-02-09 14:07:31', '2024-02-09 15:48:38', NULL, 0, 0x4d49544f534f53552e706e67),
(55, 0, 'ポテトサラダ', '1.ポテトを皮をむいて1.5〜2cmの角切りにし、水に浸けておきます<br>2.\r\nポテトを塩を入れた湯で柔らかくなるまで茹でます。フォークなどで刺してみて、柔らかさを確認します<br>3.\r\nポテトが茹で上がったら、水を切って冷ますためにざるにあげます<br>4.\r\n別のボウルにマヨネーズ、サワークリームまたはプレーンヨーグルト、砂糖、酢、塩、黒こしょうを混ぜ合わせ、ドレッシングを作ります<br>5.\r\nポテト、みじん切りにした玉ねぎ、ピクルス、ベーコン、卵をボウルに入れ、ドレッシングを加えて優しく混ぜます<br>6.\r\n器に盛り付け、パセリを散らして完成です', 30, '2024-02-09 14:07:31', '2024-02-09 15:49:02', NULL, 0, 0x50532e706e67),
(56, 0, 'エビアボカドサンド', '1.エビを茹でて殻を取り除き、尾を切ります<br>2.\r\nアボカドを皮と種を取り除いてスライスし、レモン汁をかけておきます。これによりアボカドが茶色くなるのを防ぎます<br>3.\r\nマヨネーズをボウルに入れ、少しの塩とこしょうを加えて混ぜます<br>4.\r\nエビをマヨネーズに加えてよく絡めます<br>5.\r\nパンをトースターで軽く焼きます<br>6.\r\nパンの上にレタス、トマト、アボカド、エビを順番にのせます<br>7.\r\nもう一方のパンをのせて、バターまたはマーガリンを塗ったり、クリップで挟んで、完成です', 15, '2024-02-09 14:07:31', '2024-02-09 15:49:33', NULL, 0, 0x4542532e706e67),
(57, 13, 'カツサンド', '1.とんかつを作ります。豚肉に塩と胡椒を振り、小麦粉、溶き卵、パン粉の順につけてから、中温の油で揚げます。両面がキツネ色になるまで揚げ、キッチンペーパーに置いて油を切ります<br>2.\r\nサンドイッチ用の食パンをトースターで軽く焼きます<br>3.\r\nトーストしたパンにマヨネーズとケチャップを塗ります<br>4.\r\nキャベツをパンの上に敷き詰めます<br>5.\r\n揚げたとんかつをキャベツの上にのせます<br>6.\r\nレモンスライスをのせる場合は、とんかつの上に置きます<br>7.\r\nもう一枚のパンをのせてサンドイッチにします<br>8.\r\nサンドイッチを半分に切り、完成です', 30, '2024-02-09 14:07:31', '2024-02-09 15:50:02', NULL, 0, 0x4b41545553414e444f2e706e67),
(58, 0, 'ピザトースト', '1.オーブンを180度に予熱します<br>2.\r\n食パンをトースターで軽く焼きます<br>3.\r\n焼いた食パンにピザソースまたはトマトソースを塗ります<br>4.\r\nピザ用チーズをふんわりとかけ、お好みのピザの具材をのせます。ハム、ピーマン、オリーブ、マッシュルームなど、お好みのトッピングを選びます<br>5.\r\nイタリアンハーブやオレガノを少々ふりかけます<br>6.\r\nオーブンシートが敷かれた天板にピザトーストをのせ、180度のオーブンで約10〜15分、チーズが溶け、具材が温かくなるまで焼きます<br>7.\r\nオーブンから取り出し、サラダ油またはオリーブオイルを軽くかけて完成です', 15, '2024-02-09 14:07:31', '2024-02-09 15:50:25', NULL, 0, 0x50495a41544f5355544f2e706e67),
(59, 0, 'グラタン', '1.オーブンを180度に予熱します<br>2.\r\nフライパンでバターを溶かし、みじん切りにした玉ねぎとベーコンを炒めます<br>3.\r\n玉ねぎが透明になり、ベーコンが少し焼けたら、小麦粉を加えてさらに炒めます<br>4.\r\n小麦粉が香り立つまで炒めたら、牛乳を少しずつ加えながら混ぜます。滑らかなソースができるまで混ぜ続けます<br>5.\r\nソースがとろみがついたら、塩、黒こしょう、ナツメグで味を調えます<br>6.\r\n皮をむいて薄切りにしたじゃがいもを耐熱容器に敷き詰めます<br>7.\r\nベーコンと玉ねぎのソースをじゃがいもの上にかけます<br>8.\r\nグラタン用チーズをたっぷりとかけます<br>9.\r\n予熱したオーブンで約30〜40分焼きます。チーズがこんがりと焼けたら、完成です<br>10.\r\nオプションでパセリを散らして、盛り付けてお召し上がりください', 50, '2024-02-09 14:07:31', '2024-02-09 15:50:58', NULL, 0, 0x4755524154414e2e706e67),
(60, 0, 'アスパラベーコン', '1.アスパラガスの硬い部分を切り落とし、必要に応じて皮をむきます<br>2.\r\nベーコンをアスパラガスの長さに切ります<br>3.\r\nフライパンにオリーブオイルを中火で熱し、ベーコンを並べます<br>4.\r\nベーコンが少し焼けたら、アスパラガスを加えます。両面がこんがりと焼けるまで炒めます<br>5.\r\n焼き上がったら、塩と黒こしょうで味を調えます<br>6.\r\nオプションでレモンの絞り汁をかけても良いです<br>7.\r\n盛り付けて、完成です', 15, '2024-02-09 14:07:31', '2024-02-09 15:51:21', NULL, 0, 0x41422e706e67),
(61, 1, 'イカ飯', '1.イカをきれいに洗い、皮と内臓を取り除きます。イカは適当な大きさに切ります<br>2.\r\nフライパンにごま油を熱し、スライスしたしょうがを炒めます<br>3.\r\n炒めたしょうがにイカを加えて炒めます<br>4.\r\nイカがしんなりしたら、みりん、醤油、砂糖を加えてよく混ぜます<br>5.\r\nだしを加え、イカが柔らかくなるまで煮込みます<br>6.\r\n煮汁がほとんどなくなったら、みじん切りにした青ネギを加え、味を調整します<br>7.\r\n別の鍋でご飯を炊きます<br>8.\r\nご飯が炊きあがったら、イカをかけて完成です', 30, '2024-02-09 14:07:31', '2024-02-09 15:53:11', NULL, 0, 0x494b414d4553492e706e67),
(62, 0, 'エビチリ', '1.エビの殻をむき、背わたを取り除きます<br>2.\r\nフライパンにサラダ油を熱し、みじん切りにした玉ねぎ、にんにく、生姜、赤唐辛子を炒めます<br>3.\r\n香りが立ったら、トマト缶を加えてよく混ぜます<br>4.\r\n醤油、砂糖、酢、ケチャップを加え、さらに炒めます<br>5.\r\nソースが少しとろみがついてきたら、エビを加えて炒めます<br>6.\r\nエビがほぼ火が通ったら、コーンスターチを加えてとろみを付けます。水で溶いたコーンスターチを加え、ソースがとろみを付けるまで炒めます<br>7.\r\n味を見て塩で調整し、器に盛り付けます<br>8.\r\nオプションで青ネギのみじん切りを散らして完成です', 20, '2024-02-09 14:07:31', '2024-02-09 15:53:37', NULL, 0, 0x454249544952492e706e67),
(63, 0, '春巻き', '1.野菜や具材を用意します。キャベツ、にんじん、タマネギ、エビ、豚ひき肉、キクラゲ、もやしなどを使います<br>2.\r\nフライパンにサラダ油を熱し、具材を炒めます。具材に火が通ったら、醤油、塩、コショウで味を調えます<br>3.\r\n炒めた具材を春巻きの皮に包みます。皮の上部に具材を置き、両サイドを内側に折り込み、具材が詰まるように巻きます。巻き終わりに水溶き片栗粉を塗り、封をする際に利用します<br>4.\r\n揚げる場合は、180度の油で揚げて、キッチンペーパーに油を切ります。焼く場合は、予熱したオーブンで200度で約15〜20分焼きます<br>5.\r\nソースやドレッシングと一緒に提供し、完成です', 30, '2024-02-09 14:07:31', '2024-02-09 15:54:03', NULL, 0, 0x484152554d414b492e706e67),
(64, 0, '回鍋肉', '1.豚肉を食べやすい大きさに切ります。ピーマンは種を取り除いて乱切り、ニンジンは薄切りにします。青ねぎは小口切りにします<br>2.\r\n中火で熱したフライパンに油を入れ、生姜とニンニク、赤唐辛子を炒めます<br>3.\r\n豆板醤と甜麺醤を加えて香りを引き出し、豚肉を加えて炒めます<br>4.\r\n豚肉に色が変わったら、ピーマンとニンジンを加えてさらに炒めます<br>5\r\n醤油、酢、砂糖、酒を加えて絡め、味を調えます<br>6.\r\n最後に青ねぎを加え、全体を炒め合わせます<br>7.\r\n最後にコーンスターチ水を加えてとろみをつけ、全体がよく絡まるまで炒めます<br>8.\r\n器に盛り付けて、ご飯と一緒に召し上がれます', 30, '2024-02-09 14:07:31', '2024-02-09 15:54:36', NULL, 0, 0x484f494b4f524f2e706e67),
(65, 0, 'エビマヨ', '1.エビの殻をむき、背わたを取り除きます<br>2.\r\nマヨネーズに砂糖、塩、コショウ、醤油を加えて混ぜます<br>3.\r\nフライパンにサラダ油を熱し、みじん切りにしたにんにくとしょうがを炒めます<br>4.\r\n香りが立ったら、エビを加えて炒めます<br>5.\r\nエビに火が通ってほぼピンク色になったら、マヨネーズソースを加えて全体を絡めます<br>6.\r\n最後に青ねぎを加えてさっと炒め、全体がよく混ざったら火から下ろします<br>7.\r\n器に盛り付けて、お好みのご飯や野菜と一緒に召し上がれます', 20, '2024-02-09 14:07:31', '2024-02-09 15:55:00', NULL, 0, 0x4542494d41594f2e706e67),
(66, 0, 'エビフライ', '1.エビの殻をむき、背わたを取り除きます<br>2.\r\nエビに塩とコショウをふり、軽く揉み込んで下味をつけます<br>3.\r\nエビに小麦粉をまぶし、余分な粉を軽く払います<br>4.\r\n別のボウルで卵を溶きほぐし、エビを卵液にくぐらせます<br>5.\r\nパン粉にエビを全体にしっかりとコーティングします<br>6.\r\n中温の油でエビを揚げます。エビがきつね色になるまで揚げ、キッチンペーパーに取り出して油を切ります<br>7.\r\nエビフライを器に盛り付け、レモンのウェッジを添えて、お好みでソースやタルタルソースなどを添えてサーブします8.\r\n熱々のうちに召し上がってください', 20, '2024-02-09 14:07:31', '2024-02-09 15:55:23', NULL, 0, 0x45424946555241492e706e67);

-- --------------------------------------------------------

--
-- テーブルの構造 `recipe_genre`
--

CREATE TABLE `recipe_genre` (
  `id` bigint(20) NOT NULL COMMENT 'id',
  `recipe_id` bigint(20) NOT NULL COMMENT 'レシピID		',
  `genre_id` bigint(20) NOT NULL COMMENT 'ジャンルID',
  `create_date` datetime NOT NULL DEFAULT current_timestamp() COMMENT '作成日時',
  `update_date` datetime NOT NULL DEFAULT current_timestamp() ON UPDATE current_timestamp() COMMENT '更新日時',
  `delete_date` datetime DEFAULT NULL COMMENT '削除日時',
  `delete_flag` tinyint(1) NOT NULL DEFAULT 0 COMMENT '削除フラグ'
) ENGINE=InnoDB DEFAULT CHARSET=utf8mb4 COLLATE=utf8mb4_general_ci COMMENT='レシピ_ジャンル';

--
-- テーブルのデータのダンプ `recipe_genre`
--

INSERT INTO `recipe_genre` (`id`, `recipe_id`, `genre_id`, `create_date`, `update_date`, `delete_date`, `delete_flag`) VALUES
(4, 5, 2, '2024-02-02 15:11:05', '2024-02-02 15:11:05', NULL, 0),
(5, 6, 3, '2024-02-08 14:38:40', '2024-02-08 14:38:40', NULL, 0),
(6, 7, 1, '2024-02-08 14:39:45', '2024-02-08 14:39:45', NULL, 0),
(7, 8, 3, '2024-02-08 14:39:45', '2024-02-08 14:39:45', NULL, 0),
(8, 9, 1, '2024-02-08 14:39:45', '2024-02-08 14:39:45', NULL, 0),
(9, 10, 3, '2024-02-09 14:36:34', '2024-02-09 14:36:34', NULL, 0),
(10, 11, 3, '2024-02-09 14:36:34', '2024-02-09 14:36:34', NULL, 0),
(11, 12, 1, '2024-02-09 14:36:34', '2024-02-09 14:36:34', NULL, 0),
(12, 13, 1, '2024-02-09 14:36:34', '2024-02-09 14:36:34', NULL, 0),
(13, 14, 1, '2024-02-09 14:36:34', '2024-02-09 14:36:34', NULL, 0),
(14, 15, 1, '2024-02-09 14:36:34', '2024-02-09 14:36:34', NULL, 0),
(15, 16, 1, '2024-02-09 14:36:34', '2024-02-09 14:36:34', NULL, 0),
(16, 17, 1, '2024-02-09 14:36:34', '2024-02-09 14:36:34', NULL, 0),
(17, 18, 1, '2024-02-09 14:36:34', '2024-02-09 14:36:34', NULL, 0),
(18, 19, 1, '2024-02-09 14:36:34', '2024-02-09 14:36:34', NULL, 0),
(19, 20, 1, '2024-02-09 14:36:34', '2024-02-09 14:36:34', NULL, 0),
(20, 21, 1, '2024-02-09 14:36:34', '2024-02-09 14:36:34', NULL, 0),
(21, 22, 1, '2024-02-09 14:36:34', '2024-02-09 14:36:34', NULL, 0),
(22, 23, 1, '2024-02-09 14:36:34', '2024-02-09 14:36:34', NULL, 0),
(23, 24, 1, '2024-02-09 14:36:34', '2024-02-09 14:36:34', NULL, 0),
(24, 25, 3, '2024-02-09 14:36:34', '2024-02-09 14:36:34', NULL, 0),
(25, 26, 3, '2024-02-09 14:36:34', '2024-02-09 14:36:34', NULL, 0),
(26, 27, 2, '2024-02-09 14:36:34', '2024-02-09 14:36:34', NULL, 0),
(27, 28, 1, '2024-02-09 14:36:34', '2024-02-09 14:36:34', NULL, 0),
(28, 29, 1, '2024-02-09 14:36:34', '2024-02-09 14:36:34', NULL, 0),
(29, 30, 1, '2024-02-09 14:36:34', '2024-02-09 14:36:34', NULL, 0),
(30, 31, 1, '2024-02-09 14:36:34', '2024-02-09 14:36:34', NULL, 0),
(31, 32, 1, '2024-02-09 14:36:34', '2024-02-09 14:36:34', NULL, 0),
(32, 33, 1, '2024-02-09 14:36:34', '2024-02-09 14:36:34', NULL, 0),
(33, 34, 1, '2024-02-09 14:36:34', '2024-02-09 14:36:34', NULL, 0),
(34, 35, 1, '2024-02-09 14:36:34', '2024-02-09 14:36:34', NULL, 0),
(35, 36, 1, '2024-02-09 14:36:34', '2024-02-09 14:36:34', NULL, 0),
(36, 37, 1, '2024-02-09 14:36:34', '2024-02-09 14:36:34', NULL, 0),
(37, 38, 1, '2024-02-09 14:36:34', '2024-02-09 14:36:34', NULL, 0),
(38, 39, 2, '2024-02-09 14:36:34', '2024-02-09 14:36:34', NULL, 0),
(39, 40, 3, '2024-02-09 14:36:34', '2024-02-09 14:36:34', NULL, 0),
(40, 41, 3, '2024-02-09 14:36:34', '2024-02-09 14:36:34', NULL, 0),
(41, 42, 1, '2024-02-09 14:36:34', '2024-02-09 14:36:34', NULL, 0),
(42, 43, 1, '2024-02-09 14:36:34', '2024-02-09 14:36:34', NULL, 0),
(43, 44, 2, '2024-02-09 14:36:34', '2024-02-09 14:36:34', NULL, 0),
(44, 45, 1, '2024-02-09 14:36:34', '2024-02-09 14:36:34', NULL, 0),
(45, 46, 2, '2024-02-09 14:36:34', '2024-02-09 14:36:34', NULL, 0),
(46, 47, 1, '2024-02-09 14:36:34', '2024-02-09 14:36:34', NULL, 0),
(47, 48, 3, '2024-02-09 14:36:34', '2024-02-09 14:36:34', NULL, 0),
(48, 49, 3, '2024-02-09 14:36:34', '2024-02-09 14:36:34', NULL, 0),
(49, 50, 1, '2024-02-09 14:36:34', '2024-02-09 14:36:34', NULL, 0),
(50, 51, 3, '2024-02-09 14:36:34', '2024-02-09 14:36:34', NULL, 0),
(51, 52, 3, '2024-02-09 14:36:34', '2024-02-09 14:36:34', NULL, 0),
(52, 53, 3, '2024-02-09 14:36:34', '2024-02-09 14:36:34', NULL, 0),
(53, 54, 3, '2024-02-09 14:36:34', '2024-02-09 14:36:34', NULL, 0),
(54, 55, 1, '2024-02-09 14:36:34', '2024-02-09 14:36:34', NULL, 0),
(55, 56, 3, '2024-02-09 14:36:34', '2024-02-09 14:36:34', NULL, 0),
(56, 57, 1, '2024-02-09 14:36:34', '2024-02-09 14:36:34', NULL, 0),
(57, 58, 3, '2024-02-09 14:36:34', '2024-02-09 14:36:34', NULL, 0),
(58, 59, 3, '2024-02-09 14:36:34', '2024-02-09 14:36:34', NULL, 0),
(59, 60, 1, '2024-02-09 14:36:34', '2024-02-09 14:36:34', NULL, 0),
(60, 61, 1, '2024-02-09 14:36:34', '2024-02-09 14:36:34', NULL, 0),
(61, 62, 2, '2024-02-09 14:36:34', '2024-02-09 14:36:34', NULL, 0),
(62, 63, 2, '2024-02-09 14:36:34', '2024-02-09 14:36:34', NULL, 0),
(63, 64, 2, '2024-02-09 14:36:34', '2024-02-09 14:36:34', NULL, 0),
(64, 65, 2, '2024-02-09 14:36:34', '2024-02-09 14:36:34', NULL, 0),
(65, 66, 3, '2024-02-09 14:36:34', '2024-02-09 14:36:34', NULL, 0);

-- --------------------------------------------------------

--
-- テーブルの構造 `recipe_ingredient`
--

CREATE TABLE `recipe_ingredient` (
  `id` bigint(20) NOT NULL COMMENT 'id',
  `recipe_id` bigint(20) NOT NULL COMMENT 'レシピID',
  `ingredient_id` bigint(20) NOT NULL COMMENT '食材ID',
  `create_date` datetime NOT NULL DEFAULT current_timestamp() COMMENT '作成日時',
  `update_date` datetime NOT NULL DEFAULT current_timestamp() ON UPDATE current_timestamp() COMMENT '更新日時',
  `delete_date` datetime DEFAULT NULL COMMENT '削除日時',
  `delete_flag` tinyint(1) NOT NULL DEFAULT 0 COMMENT '削除フラグ'
) ENGINE=InnoDB DEFAULT CHARSET=utf8mb4 COLLATE=utf8mb4_general_ci COMMENT='レシピ_食材';

--
-- テーブルのデータのダンプ `recipe_ingredient`
--

INSERT INTO `recipe_ingredient` (`id`, `recipe_id`, `ingredient_id`, `create_date`, `update_date`, `delete_date`, `delete_flag`) VALUES
(19, 5, 5, '2024-02-02 15:19:16', '2024-02-02 15:19:16', NULL, 0),
(20, 5, 133, '2024-02-02 15:19:16', '2024-02-02 15:19:16', NULL, 0),
(21, 5, 142, '2024-02-02 15:19:16', '2024-02-02 15:19:16', NULL, 0),
(22, 6, 17, '2024-02-08 14:53:42', '2024-02-08 14:53:42', NULL, 0),
(23, 6, 71, '2024-02-08 14:53:42', '2024-02-08 14:53:42', NULL, 0),
(24, 6, 89, '2024-02-08 14:53:42', '2024-02-08 14:53:42', NULL, 0),
(25, 6, 99, '2024-02-08 14:53:42', '2024-02-08 14:53:42', NULL, 0),
(26, 6, 101, '2024-02-08 14:53:42', '2024-02-08 14:53:42', NULL, 0),
(27, 6, 136, '2024-02-08 14:53:42', '2024-02-08 14:53:42', NULL, 0),
(28, 7, 23, '2024-02-08 14:53:42', '2024-02-08 14:53:42', NULL, 0),
(29, 8, 15, '2024-02-08 14:53:42', '2024-02-08 14:53:42', NULL, 0),
(30, 8, 89, '2024-02-08 14:53:42', '2024-02-08 15:21:47', NULL, 0),
(31, 8, 120, '2024-02-08 14:53:42', '2024-02-08 14:53:42', NULL, 0),
(32, 8, 133, '2024-02-08 14:53:42', '2024-02-08 14:53:42', NULL, 0),
(33, 8, 137, '2024-02-08 14:53:42', '2024-02-08 14:53:42', NULL, 0),
(34, 9, 13, '2024-02-08 14:53:42', '2024-02-08 14:53:42', NULL, 0),
(35, 9, 65, '2024-02-08 14:53:42', '2024-02-08 14:53:42', NULL, 0),
(36, 9, 69, '2024-02-08 14:53:42', '2024-02-08 14:53:42', NULL, 0),
(37, 9, 74, '2024-02-08 14:53:42', '2024-02-08 14:53:42', NULL, 0);

-- --------------------------------------------------------

--
-- テーブルの構造 `recipe_seasoning`
--

CREATE TABLE `recipe_seasoning` (
  `id` bigint(20) NOT NULL COMMENT 'id',
  `recipi_id` bigint(20) NOT NULL COMMENT 'レシピID',
  `seasoning_id` bigint(20) NOT NULL COMMENT '調味料ID',
  `create_date` datetime NOT NULL DEFAULT current_timestamp() COMMENT '作成日時',
  `update_date` datetime NOT NULL DEFAULT current_timestamp() ON UPDATE current_timestamp() COMMENT '更新日時',
  `delete_date` datetime NOT NULL COMMENT '削減日時',
  `delete_flag` tinyint(1) NOT NULL DEFAULT 0 COMMENT '削除フラグ'
) ENGINE=InnoDB DEFAULT CHARSET=utf8mb4 COLLATE=utf8mb4_general_ci COMMENT='レシピ_調味料';

-- --------------------------------------------------------

--
-- テーブルの構造 `recipe_taste`
--

CREATE TABLE `recipe_taste` (
  `id` bigint(20) NOT NULL COMMENT 'id',
  `recipe_id` bigint(20) NOT NULL COMMENT 'レシピID',
  `taste_id` bigint(20) NOT NULL COMMENT '系統ID',
  `create_date` datetime NOT NULL DEFAULT current_timestamp() COMMENT '作成日時',
  `update_date` datetime NOT NULL DEFAULT current_timestamp() ON UPDATE current_timestamp() COMMENT '更新日時',
  `delete_date` datetime DEFAULT NULL COMMENT '削除日時',
  `delete_flag` tinyint(4) NOT NULL COMMENT '削除フラグ'
) ENGINE=InnoDB DEFAULT CHARSET=utf8mb4 COLLATE=utf8mb4_general_ci COMMENT='レシピ_系統';

--
-- テーブルのデータのダンプ `recipe_taste`
--

INSERT INTO `recipe_taste` (`id`, `recipe_id`, `taste_id`, `create_date`, `update_date`, `delete_date`, `delete_flag`) VALUES
(4, 5, 2, '2024-02-02 15:12:17', '2024-02-02 15:12:17', NULL, 0),
(5, 6, 2, '2024-02-08 14:40:56', '2024-02-08 14:40:56', NULL, 0),
(6, 7, 2, '2024-02-08 14:40:56', '2024-02-08 14:40:56', NULL, 0),
(7, 8, 2, '2024-02-08 14:40:56', '2024-02-08 14:40:56', NULL, 0),
(8, 9, 2, '2024-02-08 14:40:56', '2024-02-08 14:40:56', NULL, 0),
(9, 10, 2, '2024-02-09 14:58:16', '2024-02-09 14:58:16', NULL, 0),
(10, 11, 2, '2024-02-09 14:58:16', '2024-02-09 14:58:16', NULL, 0),
(11, 12, 2, '2024-02-09 14:58:16', '2024-02-09 14:58:16', NULL, 0),
(12, 13, 2, '2024-02-09 14:58:16', '2024-02-09 14:58:16', NULL, 0),
(13, 14, 2, '2024-02-09 14:58:16', '2024-02-09 14:58:16', NULL, 0),
(14, 15, 2, '2024-02-09 14:58:16', '2024-02-09 14:58:16', NULL, 0),
(15, 16, 2, '2024-02-09 14:58:16', '2024-02-09 14:58:16', NULL, 0),
(16, 17, 2, '2024-02-09 14:58:16', '2024-02-09 14:58:16', NULL, 0),
(17, 18, 2, '2024-02-09 14:58:16', '2024-02-09 14:58:16', NULL, 0),
(18, 19, 2, '2024-02-09 14:58:16', '2024-02-09 14:58:16', NULL, 0),
(19, 20, 2, '2024-02-09 14:58:16', '2024-02-09 14:58:16', NULL, 0),
(20, 21, 2, '2024-02-09 14:58:16', '2024-02-09 14:58:16', NULL, 0),
(21, 22, 2, '2024-02-09 14:58:16', '2024-02-09 14:58:16', NULL, 0),
(22, 23, 2, '2024-02-09 14:58:16', '2024-02-09 14:58:16', NULL, 0),
(23, 24, 2, '2024-02-09 14:58:16', '2024-02-09 14:58:16', NULL, 0),
(24, 25, 2, '2024-02-09 14:58:16', '2024-02-09 14:58:16', NULL, 0),
(25, 26, 3, '2024-02-09 14:58:16', '2024-02-09 14:58:16', NULL, 0),
(26, 27, 3, '2024-02-09 14:58:16', '2024-02-09 14:58:16', NULL, 0),
(27, 28, 2, '2024-02-09 14:58:16', '2024-02-09 14:58:16', NULL, 0),
(28, 29, 1, '2024-02-09 14:58:16', '2024-02-09 14:58:16', NULL, 0),
(29, 30, 2, '2024-02-09 14:58:16', '2024-02-09 14:58:16', NULL, 0),
(30, 31, 2, '2024-02-09 14:58:16', '2024-02-09 14:58:16', NULL, 0),
(31, 32, 2, '2024-02-09 14:58:16', '2024-02-09 14:58:16', NULL, 0),
(32, 33, 2, '2024-02-09 14:58:16', '2024-02-09 14:58:16', NULL, 0),
(33, 34, 2, '2024-02-09 14:58:16', '2024-02-09 14:58:16', NULL, 0),
(34, 35, 2, '2024-02-09 14:58:16', '2024-02-09 14:58:16', NULL, 0),
(35, 36, 2, '2024-02-09 14:58:16', '2024-02-09 14:58:16', NULL, 0),
(36, 37, 2, '2024-02-09 14:58:16', '2024-02-09 14:58:16', NULL, 0),
(37, 38, 2, '2024-02-09 14:58:16', '2024-02-09 14:58:16', NULL, 0),
(38, 39, 2, '2024-02-09 14:58:16', '2024-02-09 14:58:16', NULL, 0),
(39, 40, 1, '2024-02-09 14:58:16', '2024-02-09 14:58:16', NULL, 0),
(40, 41, 2, '2024-02-09 14:58:16', '2024-02-09 14:58:16', NULL, 0),
(41, 42, 2, '2024-02-09 14:58:16', '2024-02-09 14:58:16', NULL, 0),
(42, 43, 2, '2024-02-09 14:58:16', '2024-02-09 14:58:16', NULL, 0),
(43, 44, 2, '2024-02-09 14:58:16', '2024-02-09 14:58:16', NULL, 0),
(44, 45, 2, '2024-02-09 14:58:16', '2024-02-09 14:58:16', NULL, 0),
(45, 46, 2, '2024-02-09 14:58:16', '2024-02-09 14:58:16', NULL, 0),
(46, 47, 1, '2024-02-09 14:58:16', '2024-02-09 14:58:16', NULL, 0),
(47, 48, 2, '2024-02-09 14:58:16', '2024-02-09 14:58:16', NULL, 0),
(48, 49, 2, '2024-02-09 14:58:16', '2024-02-09 14:58:16', NULL, 0),
(49, 50, 2, '2024-02-09 14:58:16', '2024-02-09 14:58:16', NULL, 0),
(50, 51, 2, '2024-02-09 14:58:16', '2024-02-09 14:58:16', NULL, 0),
(51, 52, 2, '2024-02-09 14:58:16', '2024-02-09 14:58:16', NULL, 0),
(52, 53, 2, '2024-02-09 14:58:16', '2024-02-09 14:58:16', NULL, 0),
(53, 54, 2, '2024-02-09 14:58:16', '2024-02-09 14:58:16', NULL, 0),
(54, 55, 1, '2024-02-09 14:58:16', '2024-02-09 14:58:16', NULL, 0),
(55, 56, 1, '2024-02-09 14:58:16', '2024-02-09 14:58:16', NULL, 0),
(56, 57, 2, '2024-02-09 14:58:16', '2024-02-09 14:58:16', NULL, 0),
(57, 58, 2, '2024-02-09 14:58:16', '2024-02-09 14:58:16', NULL, 0),
(58, 59, 2, '2024-02-09 14:58:16', '2024-02-09 14:58:16', NULL, 0),
(59, 60, 1, '2024-02-09 14:58:16', '2024-02-09 14:58:16', NULL, 0),
(60, 61, 2, '2024-02-09 14:58:16', '2024-02-09 14:58:16', NULL, 0),
(61, 62, 2, '2024-02-09 14:58:16', '2024-02-09 14:58:16', NULL, 0),
(62, 63, 2, '2024-02-09 14:58:16', '2024-02-09 14:58:16', NULL, 0),
(63, 64, 2, '2024-02-09 14:58:16', '2024-02-09 14:58:16', NULL, 0),
(64, 65, 2, '2024-02-09 14:58:16', '2024-02-09 14:58:16', NULL, 0),
(65, 66, 2, '2024-02-09 14:58:16', '2024-02-09 14:58:16', NULL, 0);

-- --------------------------------------------------------

--
-- テーブルの構造 `seasoning`
--

CREATE TABLE `seasoning` (
  `id` bigint(20) NOT NULL COMMENT 'id',
  `seasoning_name` varchar(256) NOT NULL COMMENT '調味料名',
  `create_date` datetime NOT NULL DEFAULT current_timestamp() COMMENT '作成日時',
  `update_date` datetime NOT NULL DEFAULT current_timestamp() ON UPDATE current_timestamp() COMMENT '更新日時',
  `delete_date` datetime DEFAULT NULL COMMENT '削除日時',
  `delete_flag` tinyint(1) NOT NULL DEFAULT 0 COMMENT '削除フラグ'
) ENGINE=InnoDB DEFAULT CHARSET=utf8mb4 COLLATE=utf8mb4_general_ci COMMENT='調味料';

-- --------------------------------------------------------

--
-- テーブルの構造 `subscription`
--

CREATE TABLE `subscription` (
  `id` bigint(20) NOT NULL COMMENT 'id',
  `email` varchar(256) NOT NULL COMMENT 'メールアドレス',
  `plan` varchar(256) NOT NULL COMMENT 'プラン',
  `use_start_date` date NOT NULL COMMENT '開始日',
  `use_end_date` date NOT NULL COMMENT '終了日',
  `create_date` date NOT NULL COMMENT '作成日時',
  `update_date` datetime NOT NULL DEFAULT current_timestamp() ON UPDATE current_timestamp() COMMENT '更新日時',
  `delete_date` date DEFAULT NULL COMMENT '削除日時',
  `delete_flag` tinyint(1) NOT NULL COMMENT '削除フラグ'
) ENGINE=InnoDB DEFAULT CHARSET=utf8mb4 COLLATE=utf8mb4_general_ci;

--
-- テーブルのデータのダンプ `subscription`
--

INSERT INTO `subscription` (`id`, `email`, `plan`, `use_start_date`, `use_end_date`, `create_date`, `update_date`, `delete_date`, `delete_flag`) VALUES
(1, '', '12', '2024-02-01', '2025-02-01', '2024-02-01', '2024-02-01 10:08:52', NULL, 0),
(2, '', '6', '2025-02-01', '2025-05-01', '2024-02-01', '2024-02-01 15:40:01', NULL, 0),
(3, 'Amiki@gmail.com', '12', '2024-02-07', '2025-02-07', '2024-02-07', '2024-02-07 14:32:21', '2024-02-07', 1),
(4, 'Amiki@gmail.com', '3', '2025-02-07', '2025-05-07', '2024-02-07', '2024-02-07 14:32:21', '2024-02-07', 1);

-- --------------------------------------------------------

--
-- テーブルの構造 `taste`
--

CREATE TABLE `taste` (
  `id` bigint(20) NOT NULL COMMENT 'id',
  `taste_name` varchar(256) NOT NULL COMMENT '系統名',
  `create_date` datetime NOT NULL DEFAULT current_timestamp() COMMENT '作成日時',
  `update_date` datetime NOT NULL DEFAULT current_timestamp() ON UPDATE current_timestamp() COMMENT '更新日時',
  `delete_date` datetime DEFAULT NULL COMMENT '削除日時',
  `delete_flag` tinyint(1) NOT NULL DEFAULT 0 COMMENT '削除フラグ'
) ENGINE=InnoDB DEFAULT CHARSET=utf8mb4 COLLATE=utf8mb4_general_ci COMMENT='系統';

--
-- テーブルのデータのダンプ `taste`
--

INSERT INTO `taste` (`id`, `taste_name`, `create_date`, `update_date`, `delete_date`, `delete_flag`) VALUES
(1, 'さっぱり系', '2024-01-11 11:44:52', '2024-01-11 11:44:52', NULL, 0),
(2, 'がっつり系', '2024-01-11 11:44:52', '2024-01-11 11:44:52', NULL, 0),
(3, '辛い系', '2024-01-11 11:44:52', '2024-01-11 11:44:52', NULL, 0);

-- --------------------------------------------------------

--
-- テーブルの構造 `url_holding`
--

CREATE TABLE `url_holding` (
  `id` bigint(20) NOT NULL COMMENT 'id',
  `user_id` bigint(20) NOT NULL COMMENT 'ユーザid',
  `email` varchar(256) NOT NULL COMMENT 'メールアドレス',
  `period_available_url` datetime NOT NULL COMMENT 'URL利用可能期間',
  `password_url` varchar(256) NOT NULL COMMENT 'トークン(URL）',
  `create_date` datetime NOT NULL DEFAULT current_timestamp() COMMENT '作成日時',
  `update_date` datetime NOT NULL DEFAULT current_timestamp() ON UPDATE current_timestamp() COMMENT '更新日時',
  `delete_date` datetime DEFAULT NULL COMMENT '削除日時',
  `delete_flag` tinyint(1) NOT NULL DEFAULT 0 COMMENT '削除フラグ'
) ENGINE=InnoDB DEFAULT CHARSET=utf8mb4 COLLATE=utf8mb4_general_ci COMMENT='パスワード_URL保持';

-- --------------------------------------------------------

--
-- テーブルの構造 `user`
--

CREATE TABLE `user` (
  `id` bigint(20) NOT NULL COMMENT 'id',
  `email` varchar(256) NOT NULL COMMENT 'メールアドレス',
  `password` varchar(256) NOT NULL COMMENT 'パスワード',
  `create_date` datetime NOT NULL DEFAULT current_timestamp() COMMENT '作成日時',
  `update_date` datetime NOT NULL DEFAULT current_timestamp() ON UPDATE current_timestamp() COMMENT '更新日時',
  `delete_date` datetime DEFAULT NULL COMMENT '削除日時',
  `delete_flag` tinyint(1) NOT NULL DEFAULT 0 COMMENT '削除フラグ'
) ENGINE=InnoDB DEFAULT CHARSET=utf8mb4 COLLATE=utf8mb4_general_ci COMMENT='ユーザ';

--
-- テーブルのデータのダンプ `user`
--

INSERT INTO `user` (`id`, `email`, `password`, `create_date`, `update_date`, `delete_date`, `delete_flag`) VALUES
(1, '', '', '2024-01-11 11:32:38', '2024-02-05 10:08:15', NULL, 0),
(2, 'kkr2290007@stu.o-hara.ac.jp', 'ren20032525', '2024-01-17 12:15:29', '2024-01-17 12:15:29', NULL, 0),
(3, 'Amiki@gmail.com', 'otintin', '2024-02-05 11:28:52', '2024-02-07 14:32:21', '2024-02-07 14:32:21', 1);

-- --------------------------------------------------------

--
-- テーブルの構造 `user_owned_coupon`
--

CREATE TABLE `user_owned_coupon` (
  `id` bigint(20) NOT NULL COMMENT 'id',
  `coupon_id` bigint(20) NOT NULL COMMENT 'クーポンid		',
  `user_id` bigint(20) NOT NULL COMMENT 'ユーザid		',
  `number` int(11) NOT NULL DEFAULT 0 COMMENT '枚数		'
) ENGINE=InnoDB DEFAULT CHARSET=utf8mb4 COLLATE=utf8mb4_general_ci COMMENT='ユーザ保有クーポン';

--
-- ダンプしたテーブルのインデックス
--

--
-- テーブルのインデックス `foodstuff`
--
ALTER TABLE `foodstuff`
  ADD PRIMARY KEY (`id`),
  ADD KEY `id` (`id`),
  ADD KEY `ingredient_category_id` (`ingredient_category_id`);

--
-- テーブルのインデックス `genre`
--
ALTER TABLE `genre`
  ADD PRIMARY KEY (`id`),
  ADD KEY `id` (`id`);

--
-- テーブルのインデックス `ingredient_category`
--
ALTER TABLE `ingredient_category`
  ADD PRIMARY KEY (`id`),
  ADD KEY `id` (`id`);

--
-- テーブルのインデックス `m_coupon`
--
ALTER TABLE `m_coupon`
  ADD PRIMARY KEY (`id`),
  ADD KEY `prize_id` (`prize_id`),
  ADD KEY `prize_id_2` (`prize_id`),
  ADD KEY `id` (`id`);

--
-- テーブルのインデックス `prize`
--
ALTER TABLE `prize`
  ADD PRIMARY KEY (`id`),
  ADD KEY `id` (`id`);

--
-- テーブルのインデックス `recipe`
--
ALTER TABLE `recipe`
  ADD PRIMARY KEY (`id`);

--
-- テーブルのインデックス `recipe_genre`
--
ALTER TABLE `recipe_genre`
  ADD PRIMARY KEY (`id`),
  ADD KEY `recipe_id` (`recipe_id`),
  ADD KEY `genre_id` (`genre_id`);

--
-- テーブルのインデックス `recipe_ingredient`
--
ALTER TABLE `recipe_ingredient`
  ADD PRIMARY KEY (`id`),
  ADD KEY `recipe_id` (`recipe_id`),
  ADD KEY `ingredient_id` (`ingredient_id`);

--
-- テーブルのインデックス `recipe_seasoning`
--
ALTER TABLE `recipe_seasoning`
  ADD PRIMARY KEY (`id`),
  ADD KEY `recipi_id` (`recipi_id`),
  ADD KEY `seasoning_id` (`seasoning_id`);

--
-- テーブルのインデックス `recipe_taste`
--
ALTER TABLE `recipe_taste`
  ADD PRIMARY KEY (`id`),
  ADD KEY `recipe_id` (`recipe_id`),
  ADD KEY `taste_id` (`taste_id`);

--
-- テーブルのインデックス `seasoning`
--
ALTER TABLE `seasoning`
  ADD PRIMARY KEY (`id`),
  ADD KEY `id` (`id`);

--
-- テーブルのインデックス `subscription`
--
ALTER TABLE `subscription`
  ADD PRIMARY KEY (`id`),
  ADD KEY `email` (`email`);

--
-- テーブルのインデックス `taste`
--
ALTER TABLE `taste`
  ADD PRIMARY KEY (`id`);

--
-- テーブルのインデックス `url_holding`
--
ALTER TABLE `url_holding`
  ADD PRIMARY KEY (`id`),
  ADD KEY `user_id` (`user_id`),
  ADD KEY `user_id_2` (`user_id`),
  ADD KEY `url_holding_ibfk_2` (`email`);

--
-- テーブルのインデックス `user`
--
ALTER TABLE `user`
  ADD PRIMARY KEY (`id`),
  ADD KEY `id` (`id`),
  ADD KEY `email` (`email`);

--
-- テーブルのインデックス `user_owned_coupon`
--
ALTER TABLE `user_owned_coupon`
  ADD PRIMARY KEY (`id`),
  ADD KEY `coupon_id` (`coupon_id`),
  ADD KEY `user_id` (`user_id`);

--
-- ダンプしたテーブルの AUTO_INCREMENT
--

--
-- テーブルの AUTO_INCREMENT `foodstuff`
--
ALTER TABLE `foodstuff`
  MODIFY `id` bigint(20) NOT NULL AUTO_INCREMENT COMMENT 'id', AUTO_INCREMENT=144;

--
-- テーブルの AUTO_INCREMENT `genre`
--
ALTER TABLE `genre`
  MODIFY `id` bigint(20) NOT NULL AUTO_INCREMENT COMMENT 'id', AUTO_INCREMENT=4;

--
-- テーブルの AUTO_INCREMENT `ingredient_category`
--
ALTER TABLE `ingredient_category`
  MODIFY `id` bigint(20) NOT NULL AUTO_INCREMENT COMMENT 'id', AUTO_INCREMENT=5;

--
-- テーブルの AUTO_INCREMENT `m_coupon`
--
ALTER TABLE `m_coupon`
  MODIFY `id` bigint(20) NOT NULL AUTO_INCREMENT COMMENT 'id', AUTO_INCREMENT=5;

--
-- テーブルの AUTO_INCREMENT `prize`
--
ALTER TABLE `prize`
  MODIFY `id` bigint(20) NOT NULL AUTO_INCREMENT COMMENT 'id', AUTO_INCREMENT=5;

--
-- テーブルの AUTO_INCREMENT `recipe`
--
ALTER TABLE `recipe`
  MODIFY `id` bigint(20) NOT NULL AUTO_INCREMENT COMMENT 'id', AUTO_INCREMENT=67;

--
-- テーブルの AUTO_INCREMENT `recipe_genre`
--
ALTER TABLE `recipe_genre`
  MODIFY `id` bigint(20) NOT NULL AUTO_INCREMENT COMMENT 'id', AUTO_INCREMENT=66;

--
-- テーブルの AUTO_INCREMENT `recipe_ingredient`
--
ALTER TABLE `recipe_ingredient`
  MODIFY `id` bigint(20) NOT NULL AUTO_INCREMENT COMMENT 'id', AUTO_INCREMENT=38;

--
-- テーブルの AUTO_INCREMENT `recipe_seasoning`
--
ALTER TABLE `recipe_seasoning`
  MODIFY `id` bigint(20) NOT NULL AUTO_INCREMENT COMMENT 'id';

--
-- テーブルの AUTO_INCREMENT `recipe_taste`
--
ALTER TABLE `recipe_taste`
  MODIFY `id` bigint(20) NOT NULL AUTO_INCREMENT COMMENT 'id', AUTO_INCREMENT=66;

--
-- テーブルの AUTO_INCREMENT `seasoning`
--
ALTER TABLE `seasoning`
  MODIFY `id` bigint(20) NOT NULL AUTO_INCREMENT COMMENT 'id';

--
-- テーブルの AUTO_INCREMENT `subscription`
--
ALTER TABLE `subscription`
  MODIFY `id` bigint(20) NOT NULL AUTO_INCREMENT COMMENT 'id', AUTO_INCREMENT=5;

--
-- テーブルの AUTO_INCREMENT `taste`
--
ALTER TABLE `taste`
  MODIFY `id` bigint(20) NOT NULL AUTO_INCREMENT COMMENT 'id', AUTO_INCREMENT=4;

--
-- テーブルの AUTO_INCREMENT `url_holding`
--
ALTER TABLE `url_holding`
  MODIFY `id` bigint(20) NOT NULL AUTO_INCREMENT COMMENT 'id';

--
-- テーブルの AUTO_INCREMENT `user`
--
ALTER TABLE `user`
  MODIFY `id` bigint(20) NOT NULL AUTO_INCREMENT COMMENT 'id', AUTO_INCREMENT=4;

--
-- テーブルの AUTO_INCREMENT `user_owned_coupon`
--
ALTER TABLE `user_owned_coupon`
  MODIFY `id` bigint(20) NOT NULL AUTO_INCREMENT COMMENT 'id';

--
-- ダンプしたテーブルの制約
--

--
-- テーブルの制約 `foodstuff`
--
ALTER TABLE `foodstuff`
  ADD CONSTRAINT `foodstuff_ibfk_1` FOREIGN KEY (`ingredient_category_id`) REFERENCES `ingredient_category` (`id`);

--
-- テーブルの制約 `m_coupon`
--
ALTER TABLE `m_coupon`
  ADD CONSTRAINT `m_coupon_ibfk_1` FOREIGN KEY (`prize_id`) REFERENCES `prize` (`id`);

--
-- テーブルの制約 `recipe_genre`
--
ALTER TABLE `recipe_genre`
  ADD CONSTRAINT `recipe_genre_ibfk_1` FOREIGN KEY (`recipe_id`) REFERENCES `recipe` (`id`),
  ADD CONSTRAINT `recipe_genre_ibfk_2` FOREIGN KEY (`genre_id`) REFERENCES `genre` (`id`);

--
-- テーブルの制約 `recipe_ingredient`
--
ALTER TABLE `recipe_ingredient`
  ADD CONSTRAINT `recipe_ingredient_ibfk_1` FOREIGN KEY (`recipe_id`) REFERENCES `recipe` (`id`),
  ADD CONSTRAINT `recipe_ingredient_ibfk_2` FOREIGN KEY (`ingredient_id`) REFERENCES `foodstuff` (`id`);

--
-- テーブルの制約 `recipe_seasoning`
--
ALTER TABLE `recipe_seasoning`
  ADD CONSTRAINT `recipe_seasoning_ibfk_1` FOREIGN KEY (`recipi_id`) REFERENCES `recipe` (`id`),
  ADD CONSTRAINT `recipe_seasoning_ibfk_2` FOREIGN KEY (`seasoning_id`) REFERENCES `seasoning` (`id`);

--
-- テーブルの制約 `recipe_taste`
--
ALTER TABLE `recipe_taste`
  ADD CONSTRAINT `recipe_taste_ibfk_1` FOREIGN KEY (`recipe_id`) REFERENCES `recipe` (`id`),
  ADD CONSTRAINT `recipe_taste_ibfk_2` FOREIGN KEY (`taste_id`) REFERENCES `taste` (`id`);

--
-- テーブルの制約 `url_holding`
--
ALTER TABLE `url_holding`
  ADD CONSTRAINT `url_holding_ibfk_1` FOREIGN KEY (`user_id`) REFERENCES `user` (`id`),
  ADD CONSTRAINT `url_holding_ibfk_2` FOREIGN KEY (`email`) REFERENCES `user` (`email`) ON UPDATE CASCADE;

--
-- テーブルの制約 `user_owned_coupon`
--
ALTER TABLE `user_owned_coupon`
  ADD CONSTRAINT `user_owned_coupon_ibfk_1` FOREIGN KEY (`coupon_id`) REFERENCES `m_coupon` (`id`),
  ADD CONSTRAINT `user_owned_coupon_ibfk_2` FOREIGN KEY (`user_id`) REFERENCES `user` (`id`);
COMMIT;

/*!40101 SET CHARACTER_SET_CLIENT=@OLD_CHARACTER_SET_CLIENT */;
/*!40101 SET CHARACTER_SET_RESULTS=@OLD_CHARACTER_SET_RESULTS */;
/*!40101 SET COLLATION_CONNECTION=@OLD_COLLATION_CONNECTION */;
